run_id,rve_id,job_name,source_file,schema_version,random_seed,fiber_shape,fiber_shape_tag,target_vf,vf_actual,vf_matrix,n_fibers,fiber_radius_um,fiber_diameter_um,rve_length_um,fiber_gap_setting_um,void_shape,void_shape_tag,porosity_target,porosity_actual,void_volume_fraction,n_voids,void_radius_um,void_diameter_um,void_gap_setting_um,min_void_fiber_gap_um,min_void_void_gap_um,nn_distance_um_mean,nn_distance_um_std,nn_distance_um_min,nn_distance_um_max,nn_distance_um_cv,ligament_um_mean,ligament_um_std,ligament_um_min,ligament_um_max,ligament_um_cv,ripley_L_minus_r_at_1D,ripley_L_minus_r_at_2D,ripley_L_minus_r_at_3D,local_count_mean_4x4,local_count_variance_ratio_4x4,local_count_min_4x4,local_count_max_4x4,E22_GPa,tensile_strength_MPa,failure_strain,failure_strain_pct,toughness_MJ_per_m3,inelastic_strain_fraction,hardening_exponent,ml_curve_points,ml_curve_max_strain,ml_curve_grid_spacing,validity,validity_class,is_valid,curve_n_valid_points,curve_last_valid_strain,curve_peak_index,E22_curve_GPa,strength_curve_MPa,failure_strain_curve,toughness_curve_MJ_per_m3,E22_rel_err_pct,strength_rel_err_pct,toughness_rel_err_pct,mechanics_consistent,design_cell,cell_replicate_count,on_common_grid,has_hardening_fields,phase_image_file,contour_image_file,curve_csv_file,ml_curve_csv_file,odb_file,image_present,vf_pixel,porosity_pixel,vf_pixel_rel_err_pct,porosity_pixel_rel_err_pct,n_edge_fiber_pixels,fiber_touches_boundary,min_void_diameter_px,porosity,vf_matrix_actual,phase_image_path,contour_image_path,curve_csv,ml_curve_csv,odb_path,s000,s001,s002,s003,s004,s005,s006,s007,s008,s009,s010,s011,s012,s013,s014,s015,s016,s017,s018,s019,s020,s021,s022,s023,s024,s025,s026,s027,s028,s029,s030,s031,s032,s033,s034,s035,s036,s037,s038,s039,s040,s041,s042,s043,s044,s045,s046,s047,s048,s049,s050,s051,s052,s053,s054,s055,s056,s057,s058,s059,s060,s061,s062,s063,s064,s065,s066,s067,s068,s069,s070,s071,s072,s073,s074,s075,s076,s077,s078,s079,s080,s081,s082,s083,s084,s085,s086,s087,s088,s089,s090,s091,s092,s093,s094,s095,s096,s097,s098,s099
RVE_vf030_C_D10_p000_N_L100_s20260816,RVE_vf030_C_D10_p000_N,RVE_vf030_C_D10_p000_N_L100_s20260816,1a__circle_rve_dataset.csv,current,20260816,CIRCLE,C,0.3,0.29845130209103,0.70154869790897,38,5.0,10.0,100.0,0.25,NONE,N,0.0,0.0,0.0,0,0.0,0.0,0.1,0.0,0.0,11.9991589686256,1.28199748887703,10.5666592833779,16.0434150911848,0.106840612098656,1.99915896862557,1.28199748887703,0.566659283377872,6.04341509118483,0.641268407863736,-10.0,-2.55861333521318,-4.19850097395443,2.375,0.256578947368421,1,4,5.82480466193137,71.775380859375,0.0137001311779022,1.37001311779022,0.528881345956814,0.100565763993563,1.0,100,0.02,0.0002020202020202,VALID: POST-PEAK FAILURE DROP CAPTURED,VALID,True,100,0.02,67,5.832209207651194,71.4511217096111,0.013535353535353536,0.5170630258192879,0.12712092764616437,-0.4517693196211729,-2.2345881978774083,True,CIRCLE|vf0.30|p0.00,1,True,True,RVE_vf030_C_D10_p000_N_L100_s20260816_phase.png,RVE_vf030_C_D10_p000_N_L100_s20260816_contour.png,transverse_stress_strain_curve_vf030_s20260816.csv,ml_curve_100pt_vf030_s20260816.csv,RVE_vf030_C_D10_p000_N_L100_s20260816.odb,False,,,,,,,,,,C:\temp\RVE_vf030_C_D10_p000_N_L100_s20260816_phase.png,C:\temp\RVE_vf030_C_D10_p000_N_L100_s20260816_contour.png,C:\temp\transverse_stress_strain_curve_vf030_s20260816.csv,C:\temp\ml_curve_100pt_vf030_s20260816.csv,C:\temp\RVE_vf030_C_D10_p000_N_L100_s20260816.odb,0.0,1.2044235792661,2.37699320217863,3.55528541352701,4.73472995631325,5.91161410704246,7.08472973396109,8.25514069812351,9.42403140367078,10.5926169835588,11.7616432880764,12.9313764358335,14.1017651895036,15.2724839279103,16.442974714105,17.6128983137063,18.7817986161501,19.9496801488087,21.1163060730133,22.2815157690544,23.4457813203833,24.6091806459742,25.7717237506069,26.9339800263366,28.0959747572021,29.257739394504,30.4196818574882,31.5815202483018,32.7434364303315,33.9052839033409,35.0669338365476,36.2283961340737,37.3891885537255,38.5489012610398,39.7063114963737,40.8603416270937,42.0096673324227,43.1555204869319,44.2947615299019,45.4283946537681,46.5556658893416,47.6774879618744,48.7910967776666,49.8981870042369,50.9893489908729,52.0716825013186,53.1399943649092,54.2008028771769,55.2401098861471,56.273411603933,57.2803793178621,58.2762127488911,59.2484596824648,60.2085486851968,61.1490479203795,62.0751207287554,62.9804839543393,63.8632469791538,64.7317384272364,65.5697745700138,66.3942168605591,67.1915270262443,67.9690336026337,68.7198753208135,69.4407143953735,70.1419054599262,70.8136166131971,71.4511217096111,71.4017368663958,64.7273875630311,39.0383798305956,3.2995496091258,9.25979190580539,7.31615583604423,0.959412470980111,4.94698202712871,9.15323197881305,8.35814187678374,13.558016420644,8.61519571783311,9.69524202112694,3.60215066932898,4.6060349248666,4.81509731870142,2.09799432412768,15.1032062322352,10.4968261037605,13.3306519452075,7.92507184186019,8.39594433776538,7.49655582581709,0.875832246259201,3.2949890892437,4.37556096190699,8.61598268599287,5.21832311308591,2.52261723264865,5.13360702610948,5.57642613844954,5.52334592889424
RVE_vf030_L100_D10_p001_s20260816,RVE_vf030_L100_D10_p001_s20260816,RVE_vf030_L100_D10_p001_s20260816,1__Circle_rve_dataset.csv,legacy,20260816,CIRCLE,C,0.3,0.29845130209103,0.69154869790897,38,5.0,10.0,100.0,0.25,CIRCLE,C,0.01,0.01,0.01,100,0.564189583547756,1.12837916709551,0.1,0.123492897362079,0.137443253192806,11.9991589686256,1.28199748887703,10.5666592833779,16.0434150911848,0.106840612098656,1.99915896862557,1.28199748887703,0.566659283377872,6.04341509118483,0.641268407863736,-10.0,-2.55861333521318,-4.19850097395443,2.375,0.256578947368421,1,4,5.64003178643808,57.1134423828125,0.0106263196468353,1.06263196468353,0.313848060050073,,,100,0.02,0.0002020202020202,VALID: POST-PEAK FAILURE DROP CAPTURED,VALID,True,100,0.02,52,5.6459651002866105,56.86582811617,0.010505050505050505,0.3069286921244815,0.10520000725524366,-0.4335481391277802,-2.2046871739425598,True,CIRCLE|vf0.30|p0.01,1,True,False,RVE_vf030_L100_D10_p001_s20260816_phase.png,RVE_vf030_L100_D10_p001_s20260816_contour.png,transverse_stress_strain_curve_vf030_p001_s20260816.csv,ml_curve_100pt_vf030_p001_s20260816.csv,RVE_vf030_L100_D10_p001_s20260816.odb,False,,,,,,,,0.01,0.69154869790897,C:\temp\RVE_vf030_L100_D10_p001_s20260816_phase.png,C:\temp\RVE_vf030_L100_D10_p001_s20260816_contour.png,C:\temp\transverse_stress_strain_curve_vf030_p001_s20260816.csv,C:\temp\ml_curve_100pt_vf030_p001_s20260816.csv,C:\temp\RVE_vf030_L100_D10_p001_s20260816.odb,0.0,1.16547709942153,2.30105694262515,3.44224957723505,4.58409499418254,5.72305202023285,6.85834808184402,7.9911616130665,9.12276007578058,10.254399503225,11.3866057603913,12.5195808103111,13.6531063673461,14.7868193411278,15.9200958246505,17.05267651606,18.1842393273479,19.3146533383832,20.4438340053878,21.5717671022177,22.6988923312289,23.8252488119404,24.9509999771695,26.076500520288,27.2017048558516,28.3264115069938,29.4509370089686,30.5746779856673,31.6983382769419,32.8214386768919,33.9433067428618,35.0651903944287,36.1837400009917,37.3026842747693,38.4173601456118,39.5284795548277,40.6329702365791,41.7324368446569,42.8253336508118,43.9086615771528,44.9830893117264,46.0477121154336,47.1011381934731,48.144805594763,49.1761255359804,50.1974714968507,51.2043578712571,52.1968533387326,53.1741830009439,54.1353648859773,55.0717912166962,55.9899277207939,56.86582811617,55.7379516109702,49.4634034323853,34.7064132877445,16.2113209521481,5.30539131689613,7.78157320974683,1.58091832418563,5.31711118745404,7.77307088627504,1.44394412118977,2.29763382884978,5.56669628462676,2.84756047733979,3.22233383298422,0.738285441729202,3.16202495345349,2.2664833593424,4.66716938910687,1.81597948230456,2.72437029160559,3.74055712022456,5.95685201161891,1.10399821796092,3.57454610981672,5.00055073069952,0.388868034995786,0.397969056537097,2.06337894834062,6.78745004086584,5.37663678391678,2.25416047272989,1.73520294012042,5.55522275442618,1.06490726823392,5.09287851833058,2.64842988971943,2.10679970687211,1.61732535794185,3.09451354837032,1.64086331017288,3.59243694910037,4.22117540659072,5.99360648600334,7.90614672116473,1.9900293647842,1.21460971930854,0.343029566641978
RVE_vf030_L100_D10_p002_s20260816,RVE_vf030_L100_D10_p002_s20260816,RVE_vf030_L100_D10_p002_s20260816,1__Circle_rve_dataset.csv,legacy,20260816,CIRCLE,C,0.3,0.29845130209103,0.68154869790897,38,5.0,10.0,100.0,0.25,CIRCLE,C,0.02,0.02,0.02,100,0.797884560802865,1.59576912160573,0.1,0.14060175211604,0.103536898041085,11.9991589686256,1.28199748887703,10.5666592833779,16.0434150911848,0.106840612098656,1.99915896862557,1.28199748887703,0.566659283377872,6.04341509118483,0.641268407863736,-10.0,-2.55861333521318,-4.19850097395443,2.375,0.256578947368421,1,4,5.47110758379289,47.0881396484375,0.0088810014724731,0.888100147247315,0.213675933212321,,,100,0.02,0.0002020202020202,VALID: POST-PEAK FAILURE DROP CAPTURED,VALID,True,100,0.02,44,5.475389585081988,47.0711140438887,0.008888888888888889,0.2140188489012792,0.0782657117140636,-0.03615688510081927,0.16048400201320473,True,CIRCLE|vf0.30|p0.02,1,False,False,RVE_vf030_L100_D10_p002_s20260816_phase.png,RVE_vf030_L100_D10_p002_s20260816_contour.png,transverse_stress_strain_curve_vf030_p002_s20260816.csv,ml_curve_100pt_vf030_p002_s20260816.csv,RVE_vf030_L100_D10_p002_s20260816.odb,False,,,,,,,,0.02,0.68154869790897,C:\temp\RVE_vf030_L100_D10_p002_s20260816_phase.png,C:\temp\RVE_vf030_L100_D10_p002_s20260816_contour.png,C:\temp\transverse_stress_strain_curve_vf030_p002_s20260816.csv,C:\temp\ml_curve_100pt_vf030_p002_s20260816.csv,C:\temp\RVE_vf030_L100_D10_p002_s20260816.odb,0.0,1.1298742877743,2.23161782931871,3.33886848286839,4.4462283860715,5.55037712959076,6.65103602773311,7.74946507800898,8.84700021603712,9.94485631124313,11.043380861101,12.142724266221,13.2424195113906,14.3421669063272,15.4413185179021,16.5395972222013,17.636873096872,18.7329032243343,19.827756489604,20.9215993146482,22.0140718144091,23.1062302261925,24.1979125975156,25.2891041464437,26.3800436550412,27.4698425729117,28.5593161857932,29.6486092189703,30.7364157971688,31.8229579952419,32.9057047145145,33.9877572636008,35.0656981466304,36.141919022614,37.2123260199324,38.2776656133149,39.3325736523585,40.3799952646982,41.4170246245582,42.3947908354928,43.4385351638624,44.4449161860132,45.44993350188,46.4243376609816,47.0711140438887,45.5833960101482,41.1711604775263,36.3555360229155,26.3058759735268,9.45458071581365,9.59480244020846,7.40932054294017,3.90651790416917,7.74555774185528,2.30977128925057,1.03796989229719,3.1638258802097,12.7072736858725,6.77853540083104,1.29781267645451,2.85311734374159,0.907364627615026,2.84449657079641,3.09088432692152,7.14623448695258,7.32322483801167,4.67908845398082,3.54393824567166,11.9442964219504,3.68959436802851,10.8387486413386,3.46056857886192,2.34357074975524,5.304755574732,4.93423054361096,0.348380451735604,4.46581229827401,1.69690457049178,4.07491330871315,0.913592549793909,4.87432433261613,0.460463878945942,4.69815015981867,7.71132757771051,10.9647978358338,5.37393056250277,3.33810607177154,8.92944346348947,6.1290195303159,3.81621632286557,2.03461319950327,7.28603837259633,3.33702375474895,1.32656494238222,8.13531951534662,5.81944757647987,3.54961455971141,2.99659821393426,6.14143075165423,2.764661890588
RVE_vf030_L100_D10_p003_s20260816,RVE_vf030_L100_D10_p003_s20260816,RVE_vf030_L100_D10_p003_s20260816,1__Circle_rve_dataset.csv,legacy,20260816,CIRCLE,C,0.3,0.29845130209103,0.67154869790897,38,5.0,10.0,100.0,0.25,CIRCLE,C,0.03,0.03,0.03,100,0.97720502380584,1.95441004761168,0.1,0.101978809738354,0.286273508133832,11.9991589686256,1.28199748887703,10.5666592833779,16.0434150911848,0.106840612098656,1.99915896862557,1.28199748887703,0.566659283377872,6.04341509118483,0.641268407863736,-10.0,-2.55861333521318,-4.19850097395443,2.375,0.256578947368421,1,4,5.30495977584107,41.21658203125,0.0084152048826217,0.841520488262177,0.183955690923247,,,100,0.02,0.0002020202020202,VALID: POST-PEAK FAILURE DROP CAPTURED,VALID,True,100,0.02,42,5.307517621739867,40.9387120297558,0.008484848484848484,0.1866492689035465,0.04821612240013759,-0.6741704134601024,1.4642536834717126,True,CIRCLE|vf0.30|p0.03,1,True,False,RVE_vf030_L100_D10_p003_s20260816_phase.png,RVE_vf030_L100_D10_p003_s20260816_contour.png,transverse_stress_strain_curve_vf030_p003_s20260816.csv,ml_curve_100pt_vf030_p003_s20260816.csv,RVE_vf030_L100_D10_p003_s20260816.odb,False,,,,,,,,0.03,0.67154869790897,C:\temp\RVE_vf030_L100_D10_p003_s20260816_phase.png,C:\temp\RVE_vf030_L100_D10_p003_s20260816_contour.png,C:\temp\transverse_stress_strain_curve_vf030_p003_s20260816.csv,C:\temp\ml_curve_100pt_vf030_p003_s20260816.csv,C:\temp\RVE_vf030_L100_D10_p003_s20260816.odb,0.0,1.09478046736102,2.16336666742473,3.2372582938421,4.31059767034349,5.38046005155294,6.44697956691458,7.5116215250855,8.57577250626119,9.64051551209955,10.705980624948,11.7722563480605,12.838716691953,13.9050012652913,14.9705333451989,16.0349877253345,17.098419831905,18.1598061447276,19.2198697798514,20.279315020365,21.3380707107967,22.3960745284031,23.4538814465915,24.5111453916183,25.5664502069194,26.6170569839263,27.6647411193296,28.7103214917856,29.744670989068,30.8125574597125,31.8093069191429,32.9154110205907,33.9190191595413,34.9423502752119,35.9201554594408,36.4617797110346,36.6219203687101,37.9512913139805,38.6473319850906,39.0973829230253,40.4753158800316,40.5220506752058,40.9387120297558,38.5178006790804,33.0780987422956,22.5423108342521,12.0469373351436,2.31589822221626,0.935914265831257,2.00609966273977,2.97299612231706,0.784119913050205,2.72987550206398,3.02045562825692,2.14059151874989,1.68849766453792,4.72367706290582,4.16263675676037,0.463229160066984,1.92015907119143,2.32869524829646,0.626167631393736,1.56741137940738,1.80741255924746,3.43988145140949,1.83836700307048,0.519656364027613,0.804810192113446,2.373984829352,2.69764726942623,2.40573756472289,1.93222798518027,0.838411981619161,3.00520733643101,2.8923449195511,2.09478813760736,1.66129834799021,0.558988238972548,1.61193212512018,2.65504704589657,1.71529855167456,0.529031293675912,2.44689886051499,2.7842082138972,2.86212487757334,2.34088978627622,2.95065392318981,1.46260389503438,1.71338133747468,0.432869522866586,4.58575125715335,2.05261235772431,1.85141080856928,1.59335321384275,2.31819253202393,2.09986885396754,3.45219017930918,1.34926980209666,1.12584781752235,2.93468564801932
RVE_vf030_L100_D10_p004_s20260816,RVE_vf030_L100_D10_p004_s20260816,RVE_vf030_L100_D10_p004_s20260816,1__Circle_rve_dataset.csv,legacy,20260816,CIRCLE,C,0.3,0.29845130209103,0.66154869790897,38,5.0,10.0,100.0,0.25,CIRCLE,C,0.04,0.04,0.04,100,1.12837916709551,2.25675833419103,0.1,0.116787722268435,0.128515516929921,11.9991589686256,1.28199748887703,10.5666592833779,16.0434150911848,0.106840612098656,1.99915896862557,1.28199748887703,0.566659283377872,6.04341509118483,0.641268407863736,-10.0,-2.55861333521318,-4.19850097395443,2.375,0.256578947368421,1,4,5.12228327411338,41.466982421875,0.0087011468410491,0.870114684104919,0.189798990430274,,,100,0.02,0.0002020202020202,VALID: POST-PEAK FAILURE DROP CAPTURED,VALID,True,100,0.02,43,5.123977656707235,41.4423741769111,0.008686868686868687,0.1891521927258051,0.033078658543112024,-0.05934419030915285,-0.34078037138270073,True,CIRCLE|vf0.30|p0.04,1,False,False,RVE_vf030_L100_D10_p004_s20260816_phase.png,RVE_vf030_L100_D10_p004_s20260816_contour.png,transverse_stress_strain_curve_vf030_p004_s20260816.csv,ml_curve_100pt_vf030_p004_s20260816.csv,RVE_vf030_L100_D10_p004_s20260816.odb,False,,,,,,,,0.04,0.66154869790897,C:\temp\RVE_vf030_L100_D10_p004_s20260816_phase.png,C:\temp\RVE_vf030_L100_D10_p004_s20260816_contour.png,C:\temp\transverse_stress_strain_curve_vf030_p004_s20260816.csv,C:\temp\ml_curve_100pt_vf030_p004_s20260816.csv,C:\temp\RVE_vf030_L100_D10_p004_s20260816.odb,0.0,1.05640743628362,2.08858555065237,3.12569387876747,4.16183611055751,5.19430665919657,6.22380198177607,7.25172426127641,8.27944898887577,9.30791049947042,10.337144060873,11.3670274211307,12.3969708623007,13.4265091176845,14.4553004244221,15.4830091077005,16.5087610927582,17.5340799454111,18.5563653157009,19.5773305062499,20.5964634641106,21.6146476694645,22.6329235420886,23.6496715310264,24.6656535165805,25.6790805946509,26.6935358773003,27.7031150134289,28.7084674543849,29.5522895666799,30.5056561546604,31.3672556383565,32.5305818735128,33.445692575054,34.4795857968337,35.238509361614,36.411203280588,37.2545624233235,38.2387205800352,38.4115605525206,39.0155205492151,39.811019978355,41.0442366894074,41.4423741769111,40.8479431658859,38.4200479828948,30.4570986329086,15.7871162113805,0.540991456375275,1.41191781468984,3.16279559615641,3.05089307129473,4.39250745990066,1.43909738150236,2.73135035132586,2.5516729969376,1.26766563205216,3.04949574999765,2.39316942388861,4.93479465047985,0.881154441543678,2.09555814890549,1.17233902141529,0.731088826799047,2.39010696230557,4.80922325037402,0.612918111819973,0.717823232541185,3.50400255433639,3.315565330256,3.67602283844783,4.22895481223359,1.50557864560052,3.01315159346684,2.5461896687774,6.48748270512082,2.72085602721642,1.79914588899456,0.860635533696097,1.7560984088478,2.30106492096338,2.88446776214165,2.94155053008823,1.67332300231761,4.34361946537431,1.99896357163459,1.28909885456439,3.2916757213301,2.84902513887957,1.61573175060859,4.50975457042554,1.89515766450518,3.72589919322619,4.38941548484814,1.60305859628067,3.82331548395215,3.12647669729392,1.15241965359857,2.00977100373269,3.35207550620421
RVE_vf030_L100_D10_p005_s20260816,RVE_vf030_L100_D10_p005_s20260816,RVE_vf030_L100_D10_p005_s20260816,1__Circle_rve_dataset.csv,legacy,20260816,CIRCLE,C,0.3,0.29845130209103,0.65154869790897,38,5.0,10.0,100.0,0.25,CIRCLE,C,0.05,0.05,0.05,100,1.26156626101008,2.52313252202016,0.1,0.132724336764301,0.14461176462091,11.9991589686256,1.28199748887703,10.5666592833779,16.0434150911848,0.106840612098656,1.99915896862557,1.28199748887703,0.566659283377872,6.04341509118483,0.641268407863736,-10.0,-2.55861333521318,-4.19850097395443,2.375,0.256578947368421,1,4,4.96149879714855,35.392666015625,0.0082194554805755,0.821945548057556,0.162435844575064,,,100,0.02,0.0002020202020202,VALID: POST-PEAK FAILURE DROP CAPTURED,VALID,True,100,0.02,39,4.9619930808369945,35.1955774332345,0.00787878787878788,0.15068589595808218,0.009962386541926091,-0.5568627757611974,-7.233593452060998,False,CIRCLE|vf0.30|p0.05,1,True,False,RVE_vf030_L100_D10_p005_s20260816_phase.png,RVE_vf030_L100_D10_p005_s20260816_contour.png,transverse_stress_strain_curve_vf030_p005_s20260816.csv,ml_curve_100pt_vf030_p005_s20260816.csv,RVE_vf030_L100_D10_p005_s20260816.odb,False,,,,,,,,0.05,0.65154869790897,C:\temp\RVE_vf030_L100_D10_p005_s20260816_phase.png,C:\temp\RVE_vf030_L100_D10_p005_s20260816_contour.png,C:\temp\transverse_stress_strain_curve_vf030_p005_s20260816.csv,C:\temp\ml_curve_100pt_vf030_p005_s20260816.csv,C:\temp\RVE_vf030_L100_D10_p005_s20260816.odb,0.0,1.0225060470913,2.02262102704689,3.02731257741253,4.03054951216997,5.0300136790102,6.02678845735608,7.02238457222366,8.01806610927754,9.01462723656209,10.0119388742637,11.0097886564953,12.0073761182697,13.0035899719017,13.9983204209427,14.9920933023917,15.9858625902652,16.9772991047906,17.9673956667098,18.9584394875989,19.9454034917371,20.9308900717435,21.9157305977033,22.9008249014248,23.881998856044,24.8651265688025,25.8365241848665,26.8134914450634,27.777041768965,28.7414218009594,29.679065367947,30.6668609641997,31.5774162014698,32.54798568795,33.4510536380379,33.9376870021731,34.0582500061249,34.4376470797722,34.2060032291259,35.1955774332345,34.4673828047034,33.7336964685352,31.8573086481378,30.3599921412062,22.0910205968074,18.2733893590534,9.85412091866075,3.55166497017643,0.260686786967777,1.42607144021062,3.89123056072313,3.21724287100304,4.24661096046174,2.95998566947463,0.718731467851487,1.90737308410836,1.50348084566655,2.85645927253753,2.36327345560509,0.454749762537379,0.49545370865026,1.44204868259325,0.537560769422401,0.0715915519820522,0.571122084233249,4.67547013839874,0.685452674500803,2.27672092310217,2.05704473087559,0.577614280969877,4.54257555007901,2.44453803749831,0.93533821744061,1.57270759313407,0.175756299592588,1.30909636277103,4.19653090846877,2.75955127797737,1.54118421244314,0.229582335208427,0.923886712986398,2.8694885362694,0.496060688000354,1.12907528931981,3.19507667556405,1.22103345035675,3.67026836730217,0.544198515724115,1.35645780020755,0.913403616550684,1.00201902141944,0.86747809660785,2.45652286206642,2.42749046349887,3.25409161951632,1.24025936050779,2.25632849114428,1.23546172411231,1.498327998273,2.94509146004288
RVE_vf040_C_D10_p000_N_L100_s20260816,RVE_vf040_C_D10_p000_N,RVE_vf040_C_D10_p000_N_L100_s20260816,1a__circle_rve_dataset.csv,current,20260816,CIRCLE,C,0.4,0.400553063332699,0.599446936667301,51,5.0,10.0,100.0,0.25,NONE,N,0.0,0.0,0.0,0,0.0,0.0,0.1,0.0,0.0,11.2080799947983,0.826565552907854,10.3231911248421,13.4344539892959,0.0737472924257734,1.20807999479833,0.826565552907854,0.323191124842094,3.4344539892959,0.68419769921431,-10.0,-2.64908264806937,-4.34062786089336,3.1875,0.165441176470588,2,4,6.81536006710517,69.5290673828125,0.0110546660423279,1.10546660423279,0.407058274115252,0.0771481831577032,1.0,100,0.02,0.0002020202020202,VALID: POST-PEAK FAILURE DROP CAPTURED,VALID,True,95,0.01898989898989899,54,6.838351888944038,68.9962706269183,0.01090909090909091,0.3969619992020078,0.33735300281255987,-0.766293545921922,-2.4803020980690262,True,CIRCLE|vf0.40|p0.00,1,True,True,RVE_vf040_C_D10_p000_N_L100_s20260816_phase.png,RVE_vf040_C_D10_p000_N_L100_s20260816_contour.png,transverse_stress_strain_curve_vf040_s20260816.csv,ml_curve_100pt_vf040_s20260816.csv,RVE_vf040_C_D10_p000_N_L100_s20260816.odb,False,,,,,,,,,,C:\temp\RVE_vf040_C_D10_p000_N_L100_s20260816_phase.png,C:\temp\RVE_vf040_C_D10_p000_N_L100_s20260816_contour.png,C:\temp\transverse_stress_strain_curve_vf040_s20260816.csv,C:\temp\ml_curve_100pt_vf040_s20260816.csv,C:\temp\RVE_vf040_C_D10_p000_N_L100_s20260816.odb,0.0,1.42073655579145,2.79282715997097,4.16852210113705,5.54917543430897,6.93048741796783,8.31011401121011,9.68631970618277,11.0590895823486,12.4293183306721,13.7977178252914,15.1654986458812,16.533263183471,17.9015993477678,19.2706556231918,20.6400243687472,22.0099266643764,23.3799258819309,24.7494116645618,26.1182273413183,27.4860898858892,28.8525772338621,30.2177995165881,31.5816239745608,32.9438948729362,34.3052761052292,35.6653047638569,37.0246123091177,38.3834212873237,39.7412896163596,41.0970366302773,42.4474603498248,43.7944794078385,45.139481018886,46.4731215841951,47.7997745911505,49.1085171505107,50.408951813241,51.6859920556431,52.955228015511,54.1960931349575,55.4253467931794,56.6317023858256,57.8161477481199,58.9735989811448,60.1090689371191,61.2110341754675,62.2953593695856,63.3431967520296,64.3697245877466,65.3591010375853,66.3219302494165,67.2434002652078,68.1432832901646,68.9962706269183,68.8954772765454,68.2032230315837,59.0142436496863,23.5782454884554,1.82407397267732,7.47938074794349,6.48072255913403,2.36876896510461,7.02796808781219,6.82705471412,10.9897600891522,7.14916511408349,3.06097198104516,5.02313766829231,2.39602562425673,0.560810779220338,8.49746468036616,4.94150204808936,10.2947279002258,2.76141779024927,4.77139462013572,1.65957306849367,0.749351418188227,5.27478023293964,2.69855476070132,7.67928045663142,2.03795514093233,6.31301127574583,3.78225421072641,3.23552971390131,7.86302192862638,5.5027243620102,3.02164749099423,1.21289609150586,3.99964737822853,6.83968567222274,6.36403157443987,5.86271593776846,6.28546049511027,2.50697737362466,0.0,0.0,0.0,0.0,0.0
RVE_vf040_L100_D10_p001_s20260816,RVE_vf040_L100_D10_p001_s20260816,RVE_vf040_L100_D10_p001_s20260816,1__Circle_rve_dataset.csv,legacy,20260816,CIRCLE,C,0.4,0.400553063332699,0.589446936667301,51,5.0,10.0,100.0,0.25,CIRCLE,C,0.01,0.01,0.01,100,0.564189583547756,1.12837916709551,0.1,0.162757539289536,0.137443253192806,11.2080799947983,0.826565552907854,10.3231911248421,13.4344539892959,0.0737472924257734,1.20807999479833,0.826565552907854,0.323191124842094,3.4344539892959,0.68419769921431,-10.0,-2.64908264806937,-4.34062786089336,3.1875,0.165441176470588,2,4,6.69126647902796,59.53654296875,0.0093701016902923,0.937010169029236,0.28951151240092,,,100,0.02,0.0002020202020202,VALID: POST-PEAK FAILURE DROP CAPTURED,VALID,True,97,0.019393939393939394,46,6.712597900252791,59.1973936171429,0.009292929292929294,0.2849211914637665,0.31879497389154676,-0.5696490503069911,-1.5855400357263705,True,CIRCLE|vf0.40|p0.01,1,True,False,RVE_vf040_L100_D10_p001_s20260816_phase.png,RVE_vf040_L100_D10_p001_s20260816_contour.png,transverse_stress_strain_curve_vf040_p001_s20260816.csv,ml_curve_100pt_vf040_p001_s20260816.csv,RVE_vf040_L100_D10_p001_s20260816.odb,False,,,,,,,,0.01,0.589446936667301,C:\temp\RVE_vf040_L100_D10_p001_s20260816_phase.png,C:\temp\RVE_vf040_L100_D10_p001_s20260816_contour.png,C:\temp\transverse_stress_strain_curve_vf040_p001_s20260816.csv,C:\temp\ml_curve_100pt_vf040_p001_s20260816.csv,C:\temp\RVE_vf040_L100_D10_p001_s20260816.odb,0.0,1.39334047318751,2.74026233153862,4.09142296649609,5.44714292945975,6.80302755879088,8.15679769385878,9.50706435694818,10.8539796763068,12.1986475038484,13.5417708305187,14.8846225913651,16.2276314850878,17.5713900485113,18.9158007074019,20.2605073822277,21.605550259441,22.950477664344,24.2947518022413,25.6381137458626,26.9801086885754,28.320490841144,29.6593478919814,30.9963849023938,32.3310650179266,33.6641887399772,34.9953466588932,36.3242904895375,37.6500858105911,38.9702856273432,40.283292686636,41.5928412820197,42.8936041312916,44.184864825411,45.4618843249388,46.7258734394779,47.9733998287183,49.2075767152312,50.424048515372,51.6165481728478,52.7944532380753,53.9409687298523,55.0687162520997,56.1601319839236,57.2208037703376,58.2382963650399,59.1973936171429,58.371250558897,58.8128699177734,47.3770547357911,26.5999949211474,8.91249254103198,7.20645230878776,11.1178586072706,1.48579710611892,4.43269888297335,7.87159421758364,2.87175896359254,1.8896396614137,12.4236152745981,6.25426944034425,15.0901485599902,8.44330090856632,9.00483737764535,1.53565613171404,1.20916028588896,5.7758692499154,6.87826319314558,9.04118563673512,6.3675214597758,8.47553482633535,7.44355656972276,4.17289961618247,7.37567193727167,0.791978594167503,2.58911423684804,4.86011805981799,2.13157733205289,7.70793176427271,4.31272424058037,5.66767854603413,8.63023480083427,2.33013552316568,0.823051296532317,4.84583235762238,3.11958857486308,1.90056396996409,4.93085680518282,3.7028506205152,2.52848688673064,5.83619690737988,3.47890229999319,0.149389196500504,5.93497791449701,4.12729945420477,2.62452696199491,3.43573656762208,0.0,0.0,0.0
RVE_vf040_L100_D10_p002_s20260816,RVE_vf040_L100_D10_p002_s20260816,RVE_vf040_L100_D10_p002_s20260816,1__Circle_rve_dataset.csv,legacy,20260816,CIRCLE,C,0.4,0.400553063332699,0.579446936667301,51,5.0,10.0,100.0,0.25,CIRCLE,C,0.02,0.02,0.02,100,0.797884560802865,1.59576912160573,0.1,0.106730312506895,0.136391879873333,11.2080799947983,0.826565552907854,10.3231911248421,13.4344539892959,0.0737472924257734,1.20807999479833,0.826565552907854,0.323191124842094,3.4344539892959,0.68419769921431,-10.0,-2.64908264806937,-4.34062786089336,3.1875,0.165441176470588,2,4,6.48193772425858,56.737861328125,0.0095621955394744,0.956219553947449,0.289362517711079,,,100,0.02,0.0002020202020202,VALID: POST-PEAK FAILURE DROP CAPTURED,VALID,True,99,0.019797979797979797,47,6.501433160766812,56.5602439594086,0.009494949494949495,0.2855296215957994,0.30076556328628107,-0.31304910787737517,-1.3246000710799182,True,CIRCLE|vf0.40|p0.02,1,False,False,RVE_vf040_L100_D10_p002_s20260816_phase.png,RVE_vf040_L100_D10_p002_s20260816_contour.png,transverse_stress_strain_curve_vf040_p002_s20260816.csv,ml_curve_100pt_vf040_p002_s20260816.csv,RVE_vf040_L100_D10_p002_s20260816.odb,False,,,,,,,,0.02,0.579446936667301,C:\temp\RVE_vf040_L100_D10_p002_s20260816_phase.png,C:\temp\RVE_vf040_L100_D10_p002_s20260816_contour.png,C:\temp\transverse_stress_strain_curve_vf040_p002_s20260816.csv,C:\temp\ml_curve_100pt_vf040_p002_s20260816.csv,C:\temp\RVE_vf040_L100_D10_p002_s20260816.odb,0.0,1.34843961458621,2.6530973117228,3.96241755659568,5.27596086932338,6.58910681763741,7.89980234954684,9.20699501452533,10.5111228175177,11.8132249866469,13.1142284819347,14.415191815667,15.716613110696,17.0183019629473,18.3202524149785,19.6224325314384,20.925313477237,22.2274939738977,23.5285190808743,24.8292126432004,26.127073912841,27.4226353273056,28.7161819851116,30.0061688988864,31.2952706448571,32.5809340589218,33.8642325669261,35.1422144623616,36.4152118933232,37.6828794449612,38.9420798758529,40.1971913544411,41.3823565986689,42.6835418551803,43.8826068048861,45.1190126629445,46.2694196010525,47.484976868372,48.5718668767133,49.5993015878245,49.6130382016319,51.8609506253881,51.9474865656739,53.8818832596674,54.0521263427056,55.6419440700508,55.7311917419801,56.5602439594086,54.576517196835,38.0026884970865,4.70757349423702,15.054790789893,1.78074275134172,8.31290195706588,1.79770930583935,6.13410732368248,8.05234716559066,11.3784876879687,17.7912279607546,11.0203993432352,16.0882208024273,6.69920634094447,12.0874976836942,1.91405739670176,1.23432218497532,0.539652227751089,9.26195954179585,5.86801675411451,14.5504671557617,7.61217666040546,8.30006817417142,2.15289174849601,0.254721825438461,4.61118709762538,1.04773724068659,11.7281862227119,2.91562384853441,9.21230360036743,8.20920403743517,2.30761525028522,3.86744933405216,1.71218825726984,11.7072413086455,16.4343303571178,10.4214647824884,3.41109459299038,2.00125081807136,4.06020173782277,4.0384578969545,4.14976227882562,1.8711087249695,0.295434524462477,1.56759352423741,4.58844633999853,2.07673233320896,1.80730719916025,4.56319964072822,3.16554742351695,2.86448392459202,0.0
RVE_vf040_L100_D10_p003_s20260816,RVE_vf040_L100_D10_p003_s20260816,RVE_vf040_L100_D10_p003_s20260816,1__Circle_rve_dataset.csv,legacy,20260816,CIRCLE,C,0.4,0.400553063332699,0.569446936667301,51,5.0,10.0,100.0,0.25,CIRCLE,C,0.03,0.03,0.03,100,0.97720502380584,1.95441004761168,0.1,0.111384638171552,0.147263602518931,11.2080799947983,0.826565552907854,10.3231911248421,13.4344539892959,0.0737472924257734,1.20807999479833,0.826565552907854,0.323191124842094,3.4344539892959,0.68419769921431,-10.0,-2.64908264806937,-4.34062786089336,3.1875,0.165441176470588,2,4,6.07939301063645,48.7969189453125,0.0084387618303298,0.84387618303299,0.214025701062266,,,100,0.02,0.0002020202020202,VALID: POST-PEAK FAILURE DROP CAPTURED,VALID,True,100,0.02,42,6.098395917916165,48.6092054442051,0.008484848484848484,0.21628464589595334,0.3125790230450238,-0.3846831012379483,1.0554549395122115,True,CIRCLE|vf0.40|p0.03,1,True,False,RVE_vf040_L100_D10_p003_s20260816_phase.png,RVE_vf040_L100_D10_p003_s20260816_contour.png,transverse_stress_strain_curve_vf040_p003_s20260816.csv,ml_curve_100pt_vf040_p003_s20260816.csv,RVE_vf040_L100_D10_p003_s20260816.odb,False,,,,,,,,0.03,0.569446936667301,C:\temp\RVE_vf040_L100_D10_p003_s20260816_phase.png,C:\temp\RVE_vf040_L100_D10_p003_s20260816_contour.png,C:\temp\transverse_stress_strain_curve_vf040_p003_s20260816.csv,C:\temp\ml_curve_100pt_vf040_p003_s20260816.csv,C:\temp\RVE_vf040_L100_D10_p003_s20260816.odb,0.0,1.26599870515569,2.48935940122563,3.71724965979825,4.94907154674174,6.1812164030962,7.41071471518535,8.63670825508155,9.85995717946961,11.0810796338135,12.3013723776887,13.5213658171595,14.7419231003557,15.9631950853023,17.185284901115,18.4077590014654,19.6302105515241,20.8527696429262,22.0744955813147,23.2947163150376,24.5139284439157,25.7317160077972,26.9476125633571,28.1596384375574,29.3694025929905,30.5752597805738,31.7786728144109,32.9798448005179,34.176871599148,35.3686655186766,36.5584664749691,37.7461262506693,38.8208471412125,40.007969953672,41.2541226706776,42.2558796735409,43.4157394329592,44.3767064369662,45.6625173815794,46.5524410062178,47.9326910799381,48.5548265280628,48.6092054442051,46.3619753435766,35.5844694457776,30.7531157958461,10.9187266505034,17.6011150931013,14.9690923268139,9.00034591701755,12.5860319539871,4.30416219337201,3.48878711174579,2.4865338891505,2.25579867851628,1.47644547060716,9.19832311738727,8.37769279176364,9.44072573137252,12.6457472069603,3.17491530500584,11.1991780359915,4.17123993921813,7.56555902783307,9.46036098527588,1.68131530744402,12.7444239507272,5.64056051971505,14.3424594331973,5.63851937035678,7.26965291014097,5.91311860894094,3.28286125266406,0.325761076568485,5.81782353828347,6.58023599802853,12.9128741326083,5.07439170182332,17.8141335544078,6.51640448278895,14.789654762444,4.94862227210224,2.67165167750021,3.80660398205257,7.26708914149304,4.71854347599194,12.8438219565545,2.72614800412668,8.2666855442177,8.82463921730259,0.136551186968169,11.7415986944697,19.0477991837733,12.5050817602183,4.06165290622039,7.38583497080439,10.4731618187378,9.28100447558608,5.7566102342962,7.21093700345167
RVE_vf040_L100_D10_p004_s20260816,RVE_vf040_L100_D10_p004_s20260816,RVE_vf040_L100_D10_p004_s20260816,1__Circle_rve_dataset.csv,legacy,20260816,CIRCLE,C,0.4,0.400553063332699,0.559446936667301,51,5.0,10.0,100.0,0.25,CIRCLE,C,0.04,0.04,0.04,100,1.12837916709551,2.25675833419103,0.1,0.101664239262637,0.106762074282834,11.2080799947983,0.826565552907854,10.3231911248421,13.4344539892959,0.0737472924257734,1.20807999479833,0.826565552907854,0.323191124842094,3.4344539892959,0.68419769921431,-10.0,-2.64908264806937,-4.34062786089336,3.1875,0.165441176470588,2,4,6.0672503789324,48.754384765625,0.0085199213027954,0.851992130279541,0.216365155290844,,,100,0.02,0.0002020202020202,VALID: POST-PEAK FAILURE DROP CAPTURED,VALID,True,100,0.02,42,6.084684761541514,48.6217888856833,0.008484848484848484,0.2146344486287944,0.28735228514142297,-0.2719670868151029,-0.7999008249378773,True,CIRCLE|vf0.40|p0.04,1,False,False,RVE_vf040_L100_D10_p004_s20260816_phase.png,RVE_vf040_L100_D10_p004_s20260816_contour.png,transverse_stress_strain_curve_vf040_p004_s20260816.csv,ml_curve_100pt_vf040_p004_s20260816.csv,RVE_vf040_L100_D10_p004_s20260816.odb,False,,,,,,,,0.04,0.559446936667301,C:\temp\RVE_vf040_L100_D10_p004_s20260816_phase.png,C:\temp\RVE_vf040_L100_D10_p004_s20260816_contour.png,C:\temp\transverse_stress_strain_curve_vf040_p004_s20260816.csv,C:\temp\ml_curve_100pt_vf040_p004_s20260816.csv,C:\temp\RVE_vf040_L100_D10_p004_s20260816.odb,0.0,1.26200429653457,2.48275468687689,3.70873763302901,4.93832983479324,6.16750386091853,7.39360960396942,8.61619861406128,9.83606256262142,11.0542543989241,12.2718467408101,13.4895699241333,14.7073258212726,15.9248006344255,17.1432534578073,18.3607067030945,19.5778430206092,20.7957345178921,22.0117373900958,23.225729136685,24.4380872394055,25.6438396712571,26.8484028251214,28.0508304449171,29.247558874439,30.4388231562835,31.6272473251462,32.8093008966904,33.9872205106247,35.1599103000333,36.2713877005607,37.4252793641192,38.566779491312,39.6684542757999,40.7892804523215,41.5751251473823,43.0622820474319,43.6305135539818,45.0687839874362,45.9655530445993,46.9151331441888,47.9718299780853,48.6217888856833,47.9797585057538,44.2757447658784,33.5402100220872,17.0306975419061,13.7716082535169,18.3769020756474,3.60828567503594,17.2131388390667,2.55166568568506,4.00172801097437,6.01187409797762,3.40822566273157,2.96355486880533,10.0721660071057,2.88942037809117,5.42148397839224,9.53752297976209,4.07782572700395,6.94730949912604,12.6566158319918,3.34243405803254,20.998964600383,4.64828658601355,19.9671404254176,8.02282264003823,12.9961098105083,4.24387750479576,5.77453972002668,0.873038307488218,2.84464202395967,6.76228537290839,9.13365014417457,10.5248783632857,12.5410365243065,7.91762416415421,12.3390269244466,5.72860161124999,10.7372324370833,5.43196648801092,8.2455924132941,6.74497803248738,5.10933470570833,2.97575800068973,6.75457246449788,1.27713611525011,2.74566193244331,7.52543500730265,15.83031552811,6.40877770890713,5.98474352227848,6.06315690079384,4.33474512411011,2.31940068348692,9.83965558808886,8.27801074513487,4.74844495044823,3.0715931545193
RVE_vf040_L100_D10_p005_s20260816,RVE_vf040_L100_D10_p005_s20260816,RVE_vf040_L100_D10_p005_s20260816,1__Circle_rve_dataset.csv,legacy,20260816,CIRCLE,C,0.4,0.400553063332699,0.549446936667301,51,5.0,10.0,100.0,0.25,CIRCLE,C,0.05,0.05,0.05,100,1.26156626101008,2.52313252202016,0.1,0.126285697612971,0.162329996791629,11.2080799947983,0.826565552907854,10.3231911248421,13.4344539892959,0.0737472924257734,1.20807999479833,0.826565552907854,0.323191124842094,3.4344539892959,0.68419769921431,-10.0,-2.64908264806937,-4.34062786089336,3.1875,0.165441176470588,2,4,5.66582526087749,42.6027099609375,0.007832903265953,0.783290326595306,0.172019210981787,,,100,0.02,0.0002020202020202,VALID: POST-PEAK FAILURE DROP CAPTURED,VALID,True,100,0.02,38,5.681207314720135,42.2678518154705,0.007676767676767677,0.16535954736698696,0.2714883204898294,-0.7860019838504042,-3.871465039742065,True,CIRCLE|vf0.40|p0.05,1,True,False,RVE_vf040_L100_D10_p005_s20260816_phase.png,RVE_vf040_L100_D10_p005_s20260816_contour.png,transverse_stress_strain_curve_vf040_p005_s20260816.csv,ml_curve_100pt_vf040_p005_s20260816.csv,RVE_vf040_L100_D10_p005_s20260816.odb,False,,,,,,,,0.05,0.549446936667301,C:\temp\RVE_vf040_L100_D10_p005_s20260816_phase.png,C:\temp\RVE_vf040_L100_D10_p005_s20260816_contour.png,C:\temp\transverse_stress_strain_curve_vf040_p005_s20260816.csv,C:\temp\ml_curve_100pt_vf040_p005_s20260816.csv,C:\temp\RVE_vf040_L100_D10_p005_s20260816.odb,0.0,1.17873004177796,2.31835473476527,3.46329679424392,4.61163759137778,5.75911974305541,6.90363940394625,8.04474055999726,9.18339836801882,10.3205141677313,11.4574068805492,12.5946716884915,13.7328176904982,14.8713052535056,16.0099704295026,17.1484877259081,18.2867291856996,19.4222888766676,20.5575794633671,21.6923773860355,22.8247056302551,23.9558990635404,25.0857873117366,26.2103603998106,27.3369619249491,28.4531720098494,29.569754138992,30.672626233444,31.780780696195,32.87418524161,33.9666454669298,35.0514971348114,36.1297166275394,37.1879492684727,37.9780958904693,39.3430034316371,40.1175336668489,41.3000934366205,42.2678518154705,40.966561920471,31.6595983619772,34.6196634419492,22.1207985607332,1.46014808567311,20.8285591088434,5.44053600521183,12.9355476019275,4.90856481877031,0.0406787257819503,3.98644737637771,7.95883517068137,8.46206474100998,7.36912492460403,11.5357991348997,4.0631404607475,4.90890058096303,6.68465392213066,2.7394752691423,6.84665911019544,11.1390284105507,2.81460822837681,18.0181411359607,6.45636202615553,16.2396795284562,11.0294519379648,9.74716181732247,6.8362884319155,0.558333884683373,2.34667452361668,1.317649375431,6.75158068813718,0.749269791681116,18.9455063479567,6.17210851918205,19.1373460909535,0.878322327133796,15.0303962864537,2.00589534057901,5.61144059328026,4.02669301719044,1.33119076205674,5.28743324937909,9.98695927872241,11.3589881176411,2.75771533287141,7.2530654412277,4.92849163274991,3.32093939223256,9.15711644393127,7.65356646255009,8.79587353528282,17.6593675246756,9.03603016361486,0.157703953146699,2.65542227082387,8.29140126141098,13.3946686045675,13.2278691673874,8.37769382359534,4.87667862573604
RVE_vf050_C_D10_p000_N_L100_s20260816,RVE_vf050_C_D10_p000_N,RVE_vf050_C_D10_p000_N_L100_s20260816,1a__circle_rve_dataset.csv,current,20260816,CIRCLE,C,0.5,0.502654824574367,0.497345175425633,64,5.0,10.0,100.0,0.25,NONE,N,0.0,0.0,0.0,0,0.0,0.0,0.1,0.0,0.0,11.0151656772876,0.818592836563306,10.2525816803556,14.4747362566258,0.0743150725595695,1.01516567728758,0.818592836563306,0.252581680355593,4.47473625662577,0.806363783644164,-10.0,-2.6355531824487,-3.78974645143143,4.0,0.125,3,6,7.82550098821528,75.70583984375,0.0109899830818176,1.09899830818176,0.455591264295703,0.119721272084705,1.0,100,0.02,0.0002020202020202,VALID: POST-PEAK FAILURE DROP CAPTURED,VALID,True,80,0.01595959595959596,54,7.861498033683052,75.5524387219164,0.01090909090909091,0.44945476489713726,0.4599966893107693,-0.2026278582341894,-1.3469308741141355,True,CIRCLE|vf0.50|p0.00,1,True,True,RVE_vf050_C_D10_p000_N_L100_s20260816_phase.png,RVE_vf050_C_D10_p000_N_L100_s20260816_contour.png,transverse_stress_strain_curve_vf050_s20260816.csv,ml_curve_100pt_vf050_s20260816.csv,RVE_vf050_C_D10_p000_N_L100_s20260816.odb,False,,,,,,,,,,C:\temp\RVE_vf050_C_D10_p000_N_L100_s20260816_phase.png,C:\temp\RVE_vf050_C_D10_p000_N_L100_s20260816_contour.png,C:\temp\transverse_stress_strain_curve_vf050_s20260816.csv,C:\temp\ml_curve_100pt_vf050_s20260816.csv,C:\temp\RVE_vf050_C_D10_p000_N_L100_s20260816.odb,0.0,1.6435886841638,3.22126680417894,4.79859176764832,6.3824630273548,7.9700257464819,9.55791567850487,11.1436366144499,12.725490090836,14.3037018306713,15.8784631021357,17.4511081895638,19.0223242642473,20.5931645319096,22.16398143846,23.7354692195574,25.308173610135,26.8813673689749,28.4550590372697,30.0294366787434,31.6032323076285,33.1764936482094,34.7490265525853,36.3198095973896,37.8893595788394,39.4570281867464,41.0227575291193,42.5859944817564,44.1452201602276,45.6971085329681,47.2374029945217,48.7678540576115,50.2788267322829,51.7734028457826,53.2404597252814,54.6862402340416,56.1015754118531,57.4787584349243,58.8305419689587,60.1398410269718,61.4255606954516,62.66850951218,63.8864469855437,65.0659661527279,66.2147717896122,67.325833802793,68.396314503559,69.4355145662449,70.4277055729206,71.3929949167057,72.3038406610716,73.1915424840803,74.0274018125123,74.8163017314819,75.5524387219164,74.0020085438554,56.2305769193954,15.4247040244661,12.4449828972961,2.27610088831313,2.89914607807975,4.52362103173113,7.66199536594162,7.23154400773168,10.2712065233593,11.5878435591469,6.66722738080721,6.6512566922196,8.52386302459385,6.46106168401773,12.5072962167277,19.7668020628975,8.51842362566973,5.91031533706082,12.4645424026725,15.8342629256156,9.57298384559256,4.26306325789884,2.11387547747514,6.58461271976107,0.0,0.0,0.0,0.0,0.0,0.0,0.0,0.0,0.0,0.0,0.0,0.0,0.0,0.0,0.0,0.0,0.0,0.0,0.0,0.0
RVE_vf050_L100_D10_p001_s20260816,RVE_vf050_L100_D10_p001_s20260816,RVE_vf050_L100_D10_p001_s20260816,1__Circle_rve_dataset.csv,legacy,20260816,CIRCLE,C,0.5,0.502654824574367,0.487345175425633,64,5.0,10.0,100.0,0.25,CIRCLE,C,0.01,0.01,0.01,100,0.564189583547756,1.12837916709551,0.1,0.122609825152184,0.205107213638162,11.0151656772876,0.818592836563306,10.2525816803556,14.4747362566258,0.0743150725595695,1.01516567728758,0.818592836563306,0.252581680355593,4.47473625662577,0.806363783644164,-10.0,-2.6355531824487,-3.78974645143143,4.0,0.125,3,6,7.5373637597268,60.7895556640625,0.008468724489212,0.846872448921204,0.267266728592708,,,100,0.02,0.0002020202020202,VALID: POST-PEAK FAILURE DROP CAPTURED,VALID,True,81,0.01616161616161616,42,7.572724758085082,60.6427969724166,0.008484848484848484,0.26821150531337534,0.4691427863309572,-0.24142089877564357,0.3534958225597545,True,CIRCLE|vf0.50|p0.01,1,True,False,RVE_vf050_L100_D10_p001_s20260816_phase.png,RVE_vf050_L100_D10_p001_s20260816_contour.png,transverse_stress_strain_curve_vf050_p001_s20260816.csv,ml_curve_100pt_vf050_p001_s20260816.csv,RVE_vf050_L100_D10_p001_s20260816.odb,False,,,,,,,,0.01,0.487345175425633,C:\temp\RVE_vf050_L100_D10_p001_s20260816_phase.png,C:\temp\RVE_vf050_L100_D10_p001_s20260816_contour.png,C:\temp\transverse_stress_strain_curve_vf050_p001_s20260816.csv,C:\temp\ml_curve_100pt_vf050_p001_s20260816.csv,C:\temp\RVE_vf050_L100_D10_p001_s20260816.odb,0.0,1.58352775571383,3.10281582824403,4.62230188587835,6.14835014755232,7.67759207720833,9.20701514712517,10.7341472020003,12.2574923509754,13.7773504468785,15.2940052068709,16.8087306414968,18.3221739998492,19.8351397970311,21.3484256853628,22.8625747506054,24.37757757855,25.8930686607237,27.4089976840321,28.9247701434801,30.4392216591744,31.9532207246943,33.4646018943404,34.9741259465734,36.4800119238346,37.9829039446369,39.4830761393118,40.9775647703672,42.4698700393634,43.9508246279664,45.4262507791072,46.8793351632327,48.316957198006,49.7224080333822,51.1015892510693,52.4495724907241,53.7672699605711,55.0437694482692,56.2916038308456,57.4941128491238,58.6714988618118,59.7997062890158,60.6427969724166,56.9987321298441,47.434548971343,36.3546896638863,8.32111918668319,1.58492380852505,6.33050586321518,4.5012859826175,3.54666147659673,3.0290001017969,1.36174979962145,0.740045614592004,2.40756800207214,3.08925611874722,1.76249719813634,2.09531164593543,3.41365791586069,4.54721455118627,3.34810367253278,3.59073050008067,3.30764651788976,6.10720793542142,4.64626221901867,3.23998975739885,1.58892033920592,5.65049339707268,2.50931373375962,2.99330051607657,6.92221952091124,2.22273015015503,0.929740685786028,0.642904067028763,1.31133789460817,4.1336543167896,0.230092713912731,4.77255148817841,0.996491221042874,3.44618273200946,6.60644288919016,0.0,0.0,0.0,0.0,0.0,0.0,0.0,0.0,0.0,0.0,0.0,0.0,0.0,0.0,0.0,0.0,0.0,0.0,0.0
RVE_vf050_L100_D10_p002_s20260816,RVE_vf050_L100_D10_p002_s20260816,RVE_vf050_L100_D10_p002_s20260816,1__Circle_rve_dataset.csv,legacy,20260816,CIRCLE,C,0.5,0.502654824574367,0.477345175425633,64,5.0,10.0,100.0,0.25,CIRCLE,C,0.02,0.02,0.02,100,0.797884560802865,1.59576912160573,0.1,0.104544826659481,0.257872218586102,11.0151656772876,0.818592836563306,10.2525816803556,14.4747362566258,0.0743150725595695,1.01516567728758,0.818592836563306,0.252581680355593,4.47473625662577,0.806363783644164,-10.0,-2.6355531824487,-3.78974645143143,4.0,0.125,3,6,7.28116549711629,53.2846533203125,0.0075506049394607,0.755060493946075,0.20568820910768,,,100,0.02,0.0002020202020202,VALID: POST-PEAK FAILURE DROP CAPTURED,VALID,True,83,0.016565656565656565,37,7.314642197337673,52.2136185774717,0.007474747474747474,0.20173225521062985,0.45977117584598026,-2.0100247934474504,-1.923276941450327,False,CIRCLE|vf0.50|p0.02,1,False,False,RVE_vf050_L100_D10_p002_s20260816_phase.png,RVE_vf050_L100_D10_p002_s20260816_contour.png,transverse_stress_strain_curve_vf050_p002_s20260816.csv,ml_curve_100pt_vf050_p002_s20260816.csv,RVE_vf050_L100_D10_p002_s20260816.odb,False,,,,,,,,0.02,0.477345175425633,C:\temp\RVE_vf050_L100_D10_p002_s20260816_phase.png,C:\temp\RVE_vf050_L100_D10_p002_s20260816_contour.png,C:\temp\transverse_stress_strain_curve_vf050_p002_s20260816.csv,C:\temp\ml_curve_100pt_vf050_p002_s20260816.csv,C:\temp\RVE_vf050_L100_D10_p002_s20260816.odb,0.0,1.52922358605907,2.99602205400987,4.46409283345249,5.93870723759463,7.41611519744522,8.89311277163846,10.3675602526048,11.8381932639329,13.3054760080751,14.7698114198331,16.2324334159431,17.6939703272458,19.1553834505644,20.6175520200213,22.0804334687706,23.5439691508739,25.008158691511,26.4723180085073,27.9357881468944,29.3978703963984,30.8564361402043,32.3148003383901,33.7669473953403,35.2141371824422,36.6561530824333,38.0917334196916,39.5221377425514,40.9435311493204,42.3549942752719,43.7482014656848,45.1247454359337,46.4763664567965,47.7960847994492,48.826590572492,50.1935708555628,50.9252319909417,52.2136185774717,51.5784758754145,47.7047598137756,29.2460635408569,24.224898353948,13.9248540532767,13.56693556855,8.75337373143481,9.73863737255794,4.23650750721325,0.454210920771786,0.357092576874534,0.753540931014642,0.701762733216785,0.321051403027979,0.468222360669,0.285293542439272,0.759918381621028,0.858077967816538,0.82634805263883,0.107395643768322,0.733653607033729,1.27867936334794,0.657245098310292,0.713430781569045,1.18561633427456,0.295198072427134,0.223411753949926,0.726575258661555,0.151601906145377,1.09657864946824,0.741224217903629,0.305156091352825,1.29996858320573,0.686993970973235,0.558357679219459,0.379325147110304,0.355964076204431,0.168177170056276,0.36579829271272,0.761572810833838,0.155812529466161,1.10836799375491,0.481299276622284,0.172785424851676,0.45240803000899,0.0,0.0,0.0,0.0,0.0,0.0,0.0,0.0,0.0,0.0,0.0,0.0,0.0,0.0,0.0,0.0,0.0
RVE_vf050_L100_D10_p003_s20260816,RVE_vf050_L100_D10_p003_s20260816,RVE_vf050_L100_D10_p003_s20260816,1__Circle_rve_dataset.csv,legacy,20260816,CIRCLE,C,0.5,0.502654824574367,0.467345175425633,64,5.0,10.0,100.0,0.25,CIRCLE,C,0.03,0.03,0.03,100,0.97720502380584,1.95441004761168,0.1,0.125754524865219,0.278684485456081,11.0151656772876,0.818592836563306,10.2525816803556,14.4747362566258,0.0743150725595695,1.01516567728758,0.818592836563306,0.252581680355593,4.47473625662577,0.806363783644164,-10.0,-2.6355531824487,-3.78974645143143,4.0,0.125,3,6,7.03494810901697,46.5092236328125,0.0067633348703384,0.676333487033844,0.1601478918729,,,100,0.02,0.0002020202020202,VALID: POST-PEAK FAILURE DROP CAPTURED,VALID,True,85,0.016969696969696968,34,7.0678931479144245,46.0233617990463,0.006868686868686869,0.16496196528990772,0.4683053575793667,-1.0446569428938453,3.0060173510297497,False,CIRCLE|vf0.50|p0.03,1,True,False,RVE_vf050_L100_D10_p003_s20260816_phase.png,RVE_vf050_L100_D10_p003_s20260816_contour.png,transverse_stress_strain_curve_vf050_p003_s20260816.csv,ml_curve_100pt_vf050_p003_s20260816.csv,RVE_vf050_L100_D10_p003_s20260816.odb,False,,,,,,,,0.03,0.467345175425633,C:\temp\RVE_vf050_L100_D10_p003_s20260816_phase.png,C:\temp\RVE_vf050_L100_D10_p003_s20260816_contour.png,C:\temp\transverse_stress_strain_curve_vf050_p003_s20260816.csv,C:\temp\ml_curve_100pt_vf050_p003_s20260816.csv,C:\temp\RVE_vf050_L100_D10_p003_s20260816.odb,0.0,1.47776703574712,2.89432454754519,4.3131857076036,5.73851721256622,7.16639665508129,8.5932759440802,10.0172732235813,11.4374213437318,12.8543173794454,14.2685231759343,15.6812427132492,17.0932665065059,18.5056107820859,19.9188448929301,21.3326335241856,22.7472589539411,24.1626601047573,25.5770619651695,26.989564319317,28.4014250559871,29.8082540271488,31.2137635931984,32.6100564597807,34.0020984209587,35.3887831081973,36.7693096156731,38.1453640186084,39.4868030837262,40.782244304612,42.146859542365,43.4582983239217,44.6502489626272,45.9173927812574,46.0233617990463,43.6794601506789,42.5296879177679,44.0319472510547,41.5565518064356,32.9250207648765,19.5032251008732,5.4127705602044,1.26082680257357,8.66101998691017,2.38447353085506,2.7185177883732,10.5496492310804,6.02723753393707,1.00966729640495,2.12716841348059,1.24316415764766,3.08471820975293,1.34070281598922,3.43642951405993,3.03339117386819,1.53537404994529,6.05903929850912,5.12892937457962,3.1537059863562,3.90662446411021,3.1385817361947,3.45771854159472,2.82049169270474,2.90215854143057,5.57998738814174,6.4744276593525,2.81236430371525,5.03373186879184,0.672920390609584,3.07111438256232,5.55330707360996,0.802526916724663,8.61317379762733,5.20418399764111,7.19641926949997,0.863474145103214,4.80816801394933,3.33327782526868,2.86512059026511,0.403287700123418,2.46272157300221,2.33304425171351,6.04352796397285,2.77511711197189,2.5535985110218,0.0,0.0,0.0,0.0,0.0,0.0,0.0,0.0,0.0,0.0,0.0,0.0,0.0,0.0,0.0
RVE_vf050_L100_D10_p004_s20260816,RVE_vf050_L100_D10_p004_s20260816,RVE_vf050_L100_D10_p004_s20260816,1__Circle_rve_dataset.csv,legacy,20260816,CIRCLE,C,0.5,0.502654824574367,0.457345175425633,64,5.0,10.0,100.0,0.25,CIRCLE,C,0.04,0.04,0.04,100,1.12837916709551,2.25675833419103,0.1,0.102480042226954,0.102531324617036,11.0151656772876,0.818592836563306,10.2525816803556,14.4747362566258,0.0743150725595695,1.01516567728758,0.818592836563306,0.252581680355593,4.47473625662577,0.806363783644164,-10.0,-2.6355531824487,-3.78974645143143,4.0,0.125,3,6,6.77070605722557,47.390205078125,0.0073841452598571,0.738414525985718,0.18241815276094,,,100,0.02,0.0002020202020202,VALID: POST-PEAK FAILURE DROP CAPTURED,VALID,True,86,0.01717171717171717,37,6.801780662914911,47.1798733605449,0.007474747474747474,0.18670523833838723,0.45895664981910395,-0.4438295154734083,2.350141974667112,True,CIRCLE|vf0.50|p0.04,1,False,False,RVE_vf050_L100_D10_p004_s20260816_phase.png,RVE_vf050_L100_D10_p004_s20260816_contour.png,transverse_stress_strain_curve_vf050_p004_s20260816.csv,ml_curve_100pt_vf050_p004_s20260816.csv,RVE_vf050_L100_D10_p004_s20260816.odb,False,,,,,,,,0.04,0.457345175425633,C:\temp\RVE_vf050_L100_D10_p004_s20260816_phase.png,C:\temp\RVE_vf050_L100_D10_p004_s20260816_contour.png,C:\temp\transverse_stress_strain_curve_vf050_p004_s20260816.csv,C:\temp\ml_curve_100pt_vf050_p004_s20260816.csv,C:\temp\RVE_vf050_L100_D10_p004_s20260816.odb,0.0,1.4214513267584,2.7842154710395,4.15025155579719,5.52237091423796,6.89671266845353,8.26951788986966,9.6391732768245,11.0050137888107,12.3677500382929,13.7281381208139,15.0873748525695,16.4464230870311,17.8060303840672,19.1664133293486,20.5274421153517,21.8887791724984,23.2504858054675,24.6068188174116,25.963167596017,27.3136123189889,28.6620365046127,30.0060156590902,31.340375769976,32.6733124988553,33.9898666558936,35.3047053690491,36.5934698186079,37.8894763236907,39.1412530304058,40.4007394757478,41.6080227772282,42.7748787826862,44.0554886745895,44.983012331877,46.2086245992134,47.1285722935712,47.1798733605449,44.3598352772335,38.2693928709584,20.4356320368366,5.44996428268121,1.70852078089353,3.91736642900106,4.3856122125521,1.72824786890697,4.73753010851654,1.29068388342563,1.21969316082935,6.8458935272786,6.51633444048718,5.21367859601238,4.78875790251581,2.85455954791367,3.0185011260656,2.47987651687255,3.79607693312479,2.19176616544288,3.00318627374253,3.82200148760523,3.64835029036483,3.77720651190104,0.836562617430107,6.32061827241064,0.368102116814839,1.41637943820594,1.08261250657139,1.27143844095453,5.71763335610958,2.92496783478603,4.31137337696933,2.54254079645993,1.25515579104712,2.36498228308174,2.07858829964741,2.10149841122522,2.46909152353843,1.44916534749903,3.95436066393661,0.303117936537701,1.66883372196488,2.81065056679464,6.22127282670234,0.267524822480704,3.08961686685447,2.71982517322214,0.0,0.0,0.0,0.0,0.0,0.0,0.0,0.0,0.0,0.0,0.0,0.0,0.0,0.0
RVE_vf050_L100_D10_p005_s20260816,RVE_vf050_L100_D10_p005_s20260816,RVE_vf050_L100_D10_p005_s20260816,1__Circle_rve_dataset.csv,legacy,20260816,CIRCLE,C,0.5,0.502654824574367,0.447345175425633,64,5.0,10.0,100.0,0.25,CIRCLE,C,0.05,0.05,0.05,100,1.26156626101008,2.52313252202016,0.1,0.114773560992175,0.156449798346851,11.0151656772876,0.818592836563306,10.2525816803556,14.4747362566258,0.0743150725595695,1.01516567728758,0.818592836563306,0.252581680355593,4.47473625662577,0.806363783644164,-10.0,-2.6355531824487,-3.78974645143143,4.0,0.125,3,6,6.53946717622503,42.0388232421875,0.0067281168699264,0.672811686992645,0.146346609281311,,,100,0.02,0.0002020202020202,VALID: POST-PEAK FAILURE DROP CAPTURED,VALID,True,88,0.017575757575757574,33,6.567584918340129,41.884077234177,0.006666666666666666,0.14373394475123297,0.42996992503187903,-0.3681026158106277,-1.785257986439506,True,CIRCLE|vf0.50|p0.05,1,True,False,RVE_vf050_L100_D10_p005_s20260816_phase.png,RVE_vf050_L100_D10_p005_s20260816_contour.png,transverse_stress_strain_curve_vf050_p005_s20260816.csv,ml_curve_100pt_vf050_p005_s20260816.csv,RVE_vf050_L100_D10_p005_s20260816.odb,False,,,,,,,,0.05,0.447345175425633,C:\temp\RVE_vf050_L100_D10_p005_s20260816_phase.png,C:\temp\RVE_vf050_L100_D10_p005_s20260816_contour.png,C:\temp\transverse_stress_strain_curve_vf050_p005_s20260816.csv,C:\temp\ml_curve_100pt_vf050_p005_s20260816.csv,C:\temp\RVE_vf050_L100_D10_p005_s20260816.odb,0.0,1.37225329466861,2.68904498534812,4.00827801184785,5.33276409229786,6.65941067971776,7.984803872699,9.30736997618188,10.6266365278617,11.9431111092194,13.2574987918978,14.5708082896628,15.8839711727861,17.1970559356594,18.5083080997579,19.8167706443933,21.1257938954826,22.4345684187459,23.733777418107,25.0382398256019,26.3323136690116,27.6255982893051,28.9183126617514,30.1841008858741,31.4291662121258,32.5997154372183,33.8675119157737,34.9914286668477,36.3568319501543,37.2178640371577,38.759673815644,39.7330429952941,41.0349623234202,41.884077234177,40.6426363955604,39.956438847168,39.7626310182627,38.246534798543,35.2273199296326,26.4768981926449,13.7755421357737,0.641202456154367,1.89183088916071,2.09289943155412,3.70879763663342,3.87497959308689,2.49523325484575,0.763599761899284,0.394301783761119,2.04116586131772,1.12416050574992,0.0492182421386537,3.44479519035477,3.01297894052453,0.534061427593949,1.10156328336726,0.969042398899533,2.70641820533981,1.31821255101537,0.45247296427923,3.8031692585531,1.27299183323723,4.77562643099469,1.20811049106322,2.31000833979804,2.92869032763815,0.672350075573477,3.89460476636489,2.74750305705668,3.25028534724985,2.02646859058126,0.275556542196606,1.06214492271574,1.15682779132274,3.95549062117621,4.51299623704782,2.00000377406314,1.80975653545579,1.41453124796308,1.61528312430381,4.9153144730091,3.44810586979286,5.57234774896552,0.147598750544614,0.554704951348998,2.47132833519114,0.23421358707169,0.669403263093842,0.0,0.0,0.0,0.0,0.0,0.0,0.0,0.0,0.0,0.0,0.0,0.0
RVE_vf060_C_D10_p000_N_L100_s20260816,RVE_vf060_C_D10_p000_N,RVE_vf060_C_D10_p000_N_L100_s20260816,1a__circle_rve_dataset.csv,current,20260816,CIRCLE,C,0.6,0.596902604182061,0.403097395817939,76,5.0,10.0,100.0,0.25,NONE,N,0.0,0.0,0.0,0,0.0,0.0,0.1,0.0,0.0,10.5952522536142,0.417853615085678,10.2624427949425,12.2916129675841,0.0394378165883819,0.595252253614218,0.417853615085678,0.262442794942519,2.29161296758413,0.701977376059609,-10.0,-3.43367631188656,-4.52089804769625,4.75,0.118421052631579,4,6,9.80685344942706,79.638193359375,0.0096911358833313,0.96911358833313,0.43497016709372,0.162052073159322,1.0,100,0.02,0.0002020202020202,VALID: POST-PEAK FAILURE DROP CAPTURED,VALID,True,67,0.013333333333333332,48,9.841623575230898,79.6295231999634,0.009696969696969697,0.4354043999097559,0.35454925459164255,-0.010886936337780456,0.09983048238393859,True,CIRCLE|vf0.60|p0.00,1,True,True,RVE_vf060_C_D10_p000_N_L100_s20260816_phase.png,RVE_vf060_C_D10_p000_N_L100_s20260816_contour.png,transverse_stress_strain_curve_vf060_s20260816.csv,ml_curve_100pt_vf060_s20260816.csv,RVE_vf060_C_D10_p000_N_L100_s20260816.odb,False,,,,,,,,,,C:\temp\RVE_vf060_C_D10_p000_N_L100_s20260816_phase.png,C:\temp\RVE_vf060_C_D10_p000_N_L100_s20260816_contour.png,C:\temp\transverse_stress_strain_curve_vf060_s20260816.csv,C:\temp\ml_curve_100pt_vf060_s20260816.csv,C:\temp\RVE_vf060_C_D10_p000_N_L100_s20260816.odb,0.0,2.05471891014815,4.0387771448129,6.0147182508649,7.99403009336402,9.97789977996111,11.9645115077282,13.9519610036643,15.9379095879152,17.9214550509805,19.9015406698436,21.8783959123683,23.8517491998543,25.8226399425565,27.791778237215,29.7598493077226,31.7272645262117,33.6944270215893,35.6622763379026,37.6305407691013,39.5970755779191,41.5606483818314,43.5071890606042,45.4422558340461,47.3524976379887,49.2387879396256,51.0974341451138,52.9269822233547,54.7124859047581,56.456084222107,58.1513113239668,59.7984060388094,61.3880324604133,62.9227279781299,64.4108137316181,65.8492209917958,67.2292362283114,68.575520941609,69.8524388181218,71.100631934625,72.2773920259732,73.4079308728599,74.4839455409108,75.5045170211365,76.4624302579107,77.3569599653506,78.2106279571593,78.9869896834553,79.6295231999634,60.6005875911169,13.1103734156586,3.45168493774094,3.12753501662652,9.78371877075876,13.9142398994184,4.50111079784399,12.0424311829951,2.98252120738674,3.69779755623613,7.87724708418637,4.5578064783465,5.87359061276102,9.35622453532598,2.04746957046638,4.67553691002863,1.12397295712498,4.78307235273366,0.0,0.0,0.0,0.0,0.0,0.0,0.0,0.0,0.0,0.0,0.0,0.0,0.0,0.0,0.0,0.0,0.0,0.0,0.0,0.0,0.0,0.0,0.0,0.0,0.0,0.0,0.0,0.0,0.0,0.0,0.0,0.0,0.0
RVE_vf060_L100_D10_p001_s20260816,RVE_vf060_L100_D10_p001_s20260816,RVE_vf060_L100_D10_p001_s20260816,1__Circle_rve_dataset.csv,legacy,20260816,CIRCLE,C,0.6,0.596902604182061,0.393097395817939,76,5.0,10.0,100.0,0.25,CIRCLE,C,0.01,0.01,0.01,100,0.564189583547756,1.12837916709551,0.1,0.101272809481259,0.254251878399622,10.5952522536142,0.417853615085678,10.2624427949425,12.2916129675841,0.0394378165883819,0.595252253614218,0.417853615085678,0.262442794942519,2.29161296758413,0.701977376059609,-10.0,-3.43367631188656,-4.52089804769625,4.75,0.118421052631579,4,6,9.28263118520704,66.107490234375,0.0078401207923889,0.784012079238892,0.278141293990467,,,100,0.02,0.0002020202020202,VALID: POST-PEAK FAILURE DROP CAPTURED,VALID,True,68,0.013535353535353536,39,9.315320013901227,65.843351339073,0.00787878787878788,0.28063288762485933,0.3521504629665865,-0.3995597085376303,0.8958014103715672,True,CIRCLE|vf0.60|p0.01,1,True,False,RVE_vf060_L100_D10_p001_s20260816_phase.png,RVE_vf060_L100_D10_p001_s20260816_contour.png,transverse_stress_strain_curve_vf060_p001_s20260816.csv,ml_curve_100pt_vf060_p001_s20260816.csv,RVE_vf060_L100_D10_p001_s20260816.odb,False,,,,,,,,0.01,0.393097395817939,C:\temp\RVE_vf060_L100_D10_p001_s20260816_phase.png,C:\temp\RVE_vf060_L100_D10_p001_s20260816_contour.png,C:\temp\transverse_stress_strain_curve_vf060_p001_s20260816.csv,C:\temp\ml_curve_100pt_vf060_p001_s20260816.csv,C:\temp\RVE_vf060_L100_D10_p001_s20260816.odb,0.0,1.94573961454342,3.82349840471846,5.69364140993473,7.56681637999717,9.44454823720558,11.3252139690798,13.2063516530645,15.0860351659572,16.9632492664906,18.8371618981065,20.7078770181443,22.5758738489912,24.4415203757001,26.3054118661566,28.167921606051,30.0300250725911,31.8913025298271,33.7512058219238,35.6105537550518,37.4656435795067,39.3173855039919,41.1557550088577,42.9784322684728,44.7730446464204,46.5427688827605,48.2799113816649,49.9850306315133,51.6415009719823,53.2598482331782,54.8365958258876,56.3565104809874,57.8233889669683,59.2354893281459,60.5880954882501,61.8741435905493,63.106282562829,64.2621278037842,65.3552150242313,65.843351339073,58.9121369293425,39.5167536083189,5.70215244921945,17.6613045824,5.57844011616927,12.0579636282646,6.11599374203126,9.23663827036763,10.8935199931673,14.0468812461511,4.10552930627681,11.2593674389806,1.24140710957238,8.20981473872429,7.03984066374512,19.4276233889954,17.3779562893339,1.71496238947859,16.1848553947567,11.5462401717347,6.88207232640613,11.0165678308048,25.6700264419598,18.3403502455094,8.18374345667634,0.722443784144323,17.1606422538745,8.05856194723916,0.0,0.0,0.0,0.0,0.0,0.0,0.0,0.0,0.0,0.0,0.0,0.0,0.0,0.0,0.0,0.0,0.0,0.0,0.0,0.0,0.0,0.0,0.0,0.0,0.0,0.0,0.0,0.0,0.0,0.0,0.0,0.0
RVE_vf060_L100_D10_p002_s20260816,RVE_vf060_L100_D10_p002_s20260816,RVE_vf060_L100_D10_p002_s20260816,1__Circle_rve_dataset.csv,legacy,20260816,CIRCLE,C,0.6,0.596902604182061,0.383097395817939,76,5.0,10.0,100.0,0.25,CIRCLE,C,0.02,0.02,0.02,100,0.797884560802865,1.59576912160573,0.1,0.137101302900499,0.250510896335741,10.5952522536142,0.417853615085678,10.2624427949425,12.2916129675841,0.0394378165883819,0.595252253614218,0.417853615085678,0.262442794942519,2.29161296758413,0.701977376059609,-10.0,-3.43367631188656,-4.52089804769625,4.75,0.118421052631579,4,6,8.52482564683898,60.7571826171875,0.0078074032068252,0.780740320682526,0.254933105255839,,,100,0.02,0.0002020202020202,VALID: POST-PEAK FAILURE DROP CAPTURED,VALID,True,69,0.013737373737373737,38,8.556470279911107,60.5502079813389,0.007676767676767677,0.24694843038313868,0.37120563379334526,-0.3406587121603169,-3.1320666904705363,True,CIRCLE|vf0.60|p0.02,1,False,False,RVE_vf060_L100_D10_p002_s20260816_phase.png,RVE_vf060_L100_D10_p002_s20260816_contour.png,transverse_stress_strain_curve_vf060_p002_s20260816.csv,ml_curve_100pt_vf060_p002_s20260816.csv,RVE_vf060_L100_D10_p002_s20260816.odb,False,,,,,,,,0.02,0.383097395817939,C:\temp\RVE_vf060_L100_D10_p002_s20260816_phase.png,C:\temp\RVE_vf060_L100_D10_p002_s20260816_contour.png,C:\temp\transverse_stress_strain_curve_vf060_p002_s20260816.csv,C:\temp\ml_curve_100pt_vf060_p002_s20260816.csv,C:\temp\RVE_vf060_L100_D10_p002_s20260816.odb,0.0,1.78883413130575,3.51340984093122,5.23063391962212,6.95129290654093,8.67601073771094,10.4034318315195,12.131322514569,13.8582996993073,15.5828122411713,17.3045604655427,19.0230908879635,20.7389442661495,22.4529423505523,24.1653615519039,25.8767500368121,27.5874193945119,29.2981088144014,31.0084009056451,32.7178466508114,34.4268084261063,36.1330836890604,37.8337245504218,39.531083910748,41.2117796531588,42.8818213299219,44.5319551184343,46.163333741886,47.7527077227321,49.3222021601072,50.8353533251077,52.3148933703439,53.5162332876328,55.0312788846851,56.1723149352789,57.5921323759921,58.652099679615,59.9073470976629,60.5502079813389,59.0952635162261,49.1170454367322,23.0227108246804,4.45198772724986,2.4630626266008,0.741154162195944,5.6865983903617,9.98246440570964,8.64730102792653,5.26999835199523,11.2161007362585,4.34558455330965,0.86701231117004,7.13828288177926,12.521517244255,8.52228640858718,0.993076929249635,8.09644196340338,13.9358871573121,14.9935219529886,6.53600879879241,1.78303695186005,10.5846467465043,1.40069382844379,11.8870750538854,6.13938273929526,2.3093073537976,12.4518220447053,11.3542724324374,5.80618021089646,0.0,0.0,0.0,0.0,0.0,0.0,0.0,0.0,0.0,0.0,0.0,0.0,0.0,0.0,0.0,0.0,0.0,0.0,0.0,0.0,0.0,0.0,0.0,0.0,0.0,0.0,0.0,0.0,0.0,0.0,0.0
RVE_vf060_L100_D10_p003_s20260816,RVE_vf060_L100_D10_p003_s20260816,RVE_vf060_L100_D10_p003_s20260816,1__Circle_rve_dataset.csv,legacy,20260816,CIRCLE,C,0.6,0.596902604182061,0.373097395817939,76,5.0,10.0,100.0,0.25,CIRCLE,C,0.03,0.03,0.03,100,0.97720502380584,1.95441004761168,0.1,0.102488597321625,0.136192324687419,10.5952522536142,0.417853615085678,10.2624427949425,12.2916129675841,0.0394378165883819,0.595252253614218,0.417853615085678,0.262442794942519,2.29161296758413,0.701977376059609,-10.0,-3.43367631188656,-4.52089804769625,4.75,0.118421052631579,4,6,8.28835569578536,56.251298828125,0.0072388726472854,0.723887264728546,0.214073158357198,,,100,0.02,0.0002020202020202,VALID: POST-PEAK FAILURE DROP CAPTURED,VALID,True,71,0.014141414141414142,36,8.318472412779652,55.7996266144233,0.007272727272727273,0.21592668298024728,0.3633617824776421,-0.8029542839211163,0.8658370051029571,True,CIRCLE|vf0.60|p0.03,1,True,False,RVE_vf060_L100_D10_p003_s20260816_phase.png,RVE_vf060_L100_D10_p003_s20260816_contour.png,transverse_stress_strain_curve_vf060_p003_s20260816.csv,ml_curve_100pt_vf060_p003_s20260816.csv,RVE_vf060_L100_D10_p003_s20260816.odb,False,,,,,,,,0.03,0.373097395817939,C:\temp\RVE_vf060_L100_D10_p003_s20260816_phase.png,C:\temp\RVE_vf060_L100_D10_p003_s20260816_contour.png,C:\temp\transverse_stress_strain_curve_vf060_p003_s20260816.csv,C:\temp\ml_curve_100pt_vf060_p003_s20260816.csv,C:\temp\RVE_vf060_L100_D10_p003_s20260816.odb,0.0,1.73802943598171,3.41468981734987,5.08453588496125,6.75762081881667,8.43444428606949,10.1136038628493,11.7931050887575,13.4716196832327,15.147744664646,16.8212571878749,18.491958935224,20.1602840551242,21.8239764838526,23.4871284917428,25.1494561944076,26.8102981048692,28.4726139973315,30.1327609894128,31.7916887981158,33.4488854355628,35.0991309867372,36.7458932859945,38.3775575493419,39.9915712061831,41.5854313570326,43.1398727782048,44.7357165281838,46.194828504286,47.7785902417356,49.1587282070849,50.6618118673436,51.9255371527523,53.2562838686119,54.2845897821608,55.4560219131767,55.7996266144233,39.4310845782471,9.89692580051711,8.69882177185056,9.47467357911214,5.62279930458718,11.1857795185306,12.3380961914227,12.4049177746408,3.91425414986799,5.95068934096925,2.03951143677675,0.217150202287845,0.784692711279473,7.36677604992358,5.70002157307843,10.198512547907,12.7017575845456,4.87456837505419,5.38864817728768,2.52574361899693,1.36922442060274,3.3069970910111,7.72733003115103,6.88651682426544,1.86858387494111,3.23235998833814,1.77395872098454,4.03790814219934,11.7445348024135,7.64259186070166,2.04941243083074,1.27086348039754,6.22710011548264,1.66040519593276,0.0,0.0,0.0,0.0,0.0,0.0,0.0,0.0,0.0,0.0,0.0,0.0,0.0,0.0,0.0,0.0,0.0,0.0,0.0,0.0,0.0,0.0,0.0,0.0,0.0,0.0,0.0,0.0,0.0
RVE_vf060_L100_D10_p004_s20260816,RVE_vf060_L100_D10_p004_s20260816,RVE_vf060_L100_D10_p004_s20260816,1__Circle_rve_dataset.csv,legacy,20260816,CIRCLE,C,0.6,0.596902604182061,0.363097395817939,76,5.0,10.0,100.0,0.25,CIRCLE,C,0.04,0.04,0.04,100,1.12837916709551,2.25675833419103,0.1,0.104589628704515,0.105583908934442,10.5952522536142,0.417853615085678,10.2624427949425,12.2916129675841,0.0394378165883819,0.595252253614218,0.417853615085678,0.262442794942519,2.29161296758413,0.701977376059609,-10.0,-3.43367631188656,-4.52089804769625,4.75,0.118421052631579,4,6,7.97439607996247,46.2735546875,0.005970110297203,0.597011029720306,0.141444228026749,,,100,0.02,0.0002020202020202,VALID: POST-PEAK FAILURE DROP CAPTURED,VALID,True,72,0.014343434343434344,30,8.003778763390354,45.7445893660605,0.006060606060606061,0.14553935663997716,0.36846280437104106,-1.143126619538462,2.8952249733751754,False,CIRCLE|vf0.60|p0.04,1,False,False,RVE_vf060_L100_D10_p004_s20260816_phase.png,RVE_vf060_L100_D10_p004_s20260816_contour.png,transverse_stress_strain_curve_vf060_p004_s20260816.csv,ml_curve_100pt_vf060_p004_s20260816.csv,RVE_vf060_L100_D10_p004_s20260816.odb,False,,,,,,,,0.04,0.363097395817939,C:\temp\RVE_vf060_L100_D10_p004_s20260816_phase.png,C:\temp\RVE_vf060_L100_D10_p004_s20260816_contour.png,C:\temp\transverse_stress_strain_curve_vf060_p004_s20260816.csv,C:\temp\ml_curve_100pt_vf060_p004_s20260816.csv,C:\temp\RVE_vf060_L100_D10_p004_s20260816.odb,0.0,1.67103519571264,3.28358953252545,4.89056517524929,6.50069143863053,8.11455222754413,9.73030704913752,11.3460466588098,12.9604892405916,14.5725215080766,16.18203041285,17.7890031232712,19.3917182409405,20.9925761390858,22.5921661845372,24.19106829478,25.7885256278764,27.3870220279583,28.9840441847465,30.5761077392198,32.1604569351893,33.7427992911371,35.3112449628861,36.8674255130795,38.4010714976835,39.9205608694428,41.4111633211546,42.879804749787,44.3001726485972,45.6087608943563,45.7445893660605,41.6662646381378,26.2777543976775,3.82085121903871,2.11335167869667,5.1805710662653,2.93152265153703,3.1605393110459,3.88187759690692,6.21011415688115,3.41403970430656,6.38891440979069,2.2528323910443,2.99783091701598,3.5114869375381,3.24871067867995,1.97720588653973,9.17142189097745,8.15941607928631,8.51138095873066,12.0403460078398,5.79557281547161,9.59393798762451,7.7507956932891,4.9721171015467,0.867934434180845,9.21275539859705,14.3083860480967,8.95176447341088,4.47192407544272,12.081931029695,8.89332273516872,8.53013381869444,8.62552920201243,2.19072374335877,6.56794846768653,3.88532515897584,3.67170920899331,1.90456001118078,5.46251279919411,7.65218693087498,3.53982926942987,0.0,0.0,0.0,0.0,0.0,0.0,0.0,0.0,0.0,0.0,0.0,0.0,0.0,0.0,0.0,0.0,0.0,0.0,0.0,0.0,0.0,0.0,0.0,0.0,0.0,0.0,0.0,0.0
RVE_vf060_L100_D10_p005_s20260816,RVE_vf060_L100_D10_p005_s20260816,RVE_vf060_L100_D10_p005_s20260816,1__Circle_rve_dataset.csv,legacy,20260816,CIRCLE,C,0.6,0.596902604182061,0.353097395817939,76,5.0,10.0,100.0,0.25,CIRCLE,C,0.05,0.05,0.05,100,1.26156626101008,2.52313252202016,0.1,0.101447349674789,0.127523037178194,10.5952522536142,0.417853615085678,10.2624427949425,12.2916129675841,0.0394378165883819,0.595252253614218,0.417853615085678,0.262442794942519,2.29161296758413,0.701977376059609,-10.0,-3.43367631188656,-4.52089804769625,4.75,0.118421052631579,4,6,7.67643840662444,46.305078125,0.0065076822042465,0.650768220424652,0.159694804192414,,,100,0.02,0.0002020202020202,VALID: POST-PEAK FAILURE DROP CAPTURED,VALID,True,74,0.014747474747474747,32,7.706158904742306,45.9118229983683,0.006464646464646465,0.1576510958293864,0.3871652001039796,-0.8492699776255924,-1.2797588333338323,True,CIRCLE|vf0.60|p0.05,1,True,False,RVE_vf060_L100_D10_p005_s20260816_phase.png,RVE_vf060_L100_D10_p005_s20260816_contour.png,transverse_stress_strain_curve_vf060_p005_s20260816.csv,ml_curve_100pt_vf060_p005_s20260816.csv,RVE_vf060_L100_D10_p005_s20260816.odb,False,,,,,,,,0.05,0.353097395817939,C:\temp\RVE_vf060_L100_D10_p005_s20260816_phase.png,C:\temp\RVE_vf060_L100_D10_p005_s20260816_contour.png,C:\temp\transverse_stress_strain_curve_vf060_p005_s20260816.csv,C:\temp\ml_curve_100pt_vf060_p005_s20260816.csv,C:\temp\RVE_vf060_L100_D10_p005_s20260816.odb,0.0,1.60715345522334,3.15768424380497,4.70489846257316,6.25592050382997,7.81093667787592,9.36723843438086,10.9228538820788,12.4765083831129,14.0273726378309,15.5754285374183,17.1210735241405,18.6648427514853,20.207029941086,21.7472745564366,23.2840778348187,24.8217708890791,26.3572073064444,27.8867659537078,29.4108425111434,30.9312193001617,32.441948247156,33.9368208033898,35.4031812069274,36.8627734354153,38.2737971990927,39.5238275693443,40.8492823171102,41.7674901593298,43.0407674900492,43.7866072991004,45.1924173427308,45.9118229983683,41.6818580749821,29.4227044631464,15.2798640990501,14.8105265487845,2.19423937743131,5.03716358649624,0.0634509233790575,6.11813518157709,4.70340029806513,2.70269774403945,1.79414937922823,2.09320652870369,6.83722888002777,7.31835040681996,3.40234596081044,7.16221366019413,3.2463347648709,5.11885979838687,0.42858586779307,0.742516214301561,0.162073346700241,2.24956573930293,3.09424319931376,2.8796001608193,9.64666434393958,3.91802130424305,7.94918000169516,4.76805720243622,1.33314802909818,1.00017493572548,0.275680749733892,3.94910770031121,9.43982986405499,2.40987883683629,4.81227581789117,1.67761425300066,1.98523491299423,5.36976457681744,8.76189469120078,2.62198136112183,1.15425724307117,0.0,0.0,0.0,0.0,0.0,0.0,0.0,0.0,0.0,0.0,0.0,0.0,0.0,0.0,0.0,0.0,0.0,0.0,0.0,0.0,0.0,0.0,0.0,0.0,0.0,0.0
RVE_vf030_E20a00_D10_p000_N_L100_s20260816,RVE_vf030_E20a00_D10_p000_N,RVE_vf030_E20a00_D10_p000_N_L100_s20260816,3__Ellipse_rve_dataset.csv,current,20260816,ELLIPSE,E20a00,0.3,0.298451302,0.701548698,38,5.0,10.0,100.0,0.25,NONE,N,0.0,0.0,0.0,0,0.0,0.0,0.1,0.0,0.0,11.82777979,2.551404652,8.249153356,18.32956965,0.215712898,2.107753001,1.592474508,0.448406873,8.113352272,0.755531842,-5.304936536,-2.558613335,-3.943455245,2.375,0.361842105,1,4,6.186784417,66.11083984,0.011480037,1.148003697,0.399351692,0.06918279,1.0,100,0.02,0.00020202,VALID: POST-PEAK FAILURE DROP CAPTURED,VALID,True,100,0.02,57,6.194090123276784,66.07500554,0.011515151515151515,0.4016443559771717,0.11808567721722645,-0.05420336526765646,0.5740964726328754,True,ELLIPSE|vf0.30|p0.00,1,True,True,RVE_vf030_E20a00_D10_p000_N_L100_s20260816_phase.png,RVE_vf030_E20a00_D10_p000_N_L100_s20260816_contour.png,transverse_stress_strain_curve_vf030_s20260816.csv,ml_curve_100pt_vf030_s20260816.csv,RVE_vf030_E20a00_D10_p000_N_L100_s20260816.odb,False,,,,,,,,,,C:\temp\RVE_vf030_E20a00_D10_p000_N_L100_s20260816_phase.png,C:\temp\RVE_vf030_E20a00_D10_p000_N_L100_s20260816_contour.png,C:\temp\transverse_stress_strain_curve_vf030_s20260816.csv,C:\temp\ml_curve_100pt_vf030_s20260816.csv,C:\temp\RVE_vf030_E20a00_D10_p000_N_L100_s20260816.odb,0.0,1.278399484,2.523920905,3.775498936,5.028118095,6.278016222,7.5239103,8.767053315,10.00877321,11.25014705,12.49211442,13.73471822,14.9780606,16.22161947,17.46499577,18.70770919,19.94924385,21.18973859,22.42891835,23.66670725,24.90347566,26.13937156,27.3745402,28.60933345,29.84392487,31.07831647,32.31287019,33.54713514,34.78104792,36.01432369,37.24730023,38.47807599,39.7061651,40.93021394,42.14867314,43.36289543,44.56996492,45.7699967,46.96194259,48.14865575,49.32610795,50.49575527,51.65563585,52.80757968,53.93938473,55.05808045,56.15362268,57.23298471,58.2844671,59.31321691,60.31777772,61.29956965,62.24036151,63.12276068,64.02807458,64.95635558,65.6744381,66.07500554,61.828277,47.88433243,21.93888413,6.575957198,6.58531533,4.82752221,4.687554818,5.351406838,6.379315121,3.223654682,9.618184448,4.786273263,11.77310656,1.800775614,1.995120348,1.927324631,2.058833022,5.237756668,9.965802136,7.334408299,10.61526161,6.12697803,6.14658422,4.497124005,2.671871164,0.308166869,7.440667055,2.785878067,9.390358647,2.133098974,4.158694125,5.758718277,8.251772389,6.574931379,7.033187027,3.425691801,5.932607157,4.732357203,4.291973853,0.874422978,6.838042943,9.235229092
RVE_vf030_E20a00_D10_p010_C_L100_s20260816,RVE_vf030_E20a00_D10_p010_C,RVE_vf030_E20a00_D10_p010_C_L100_s20260816,3__Ellipse_rve_dataset.csv,current,20260816,ELLIPSE,E20a00,0.3,0.298451302,0.691548698,38,5.0,10.0,100.0,0.25,CIRCLE,C,0.01,0.01,0.01,100,0.564189584,1.128379167,0.1,0.106515358,0.254251878,11.82777979,2.551404652,8.249153356,18.32956965,0.215712898,2.107753001,1.592474508,0.448406873,8.113352272,0.755531842,-5.304936536,-2.558613335,-3.943455245,2.375,0.361842105,1,4,6.005477414,61.69608398,0.010947124,1.094712377,0.353004331,0.061552389,1.0,100,0.02,0.00020202,VALID: POST-PEAK FAILURE DROP CAPTURED,VALID,True,100,0.02,54,6.012675093857141,61.52667532,0.01090909090909091,0.3506583471862627,0.11985191785689754,-0.2745857582385813,-0.6645764960139527,True,ELLIPSE|vf0.30|p0.01,1,True,True,RVE_vf030_E20a00_D10_p010_C_L100_s20260816_phase.png,RVE_vf030_E20a00_D10_p010_C_L100_s20260816_contour.png,transverse_stress_strain_curve_vf030_s20260816.csv,ml_curve_100pt_vf030_s20260816.csv,RVE_vf030_E20a00_D10_p010_C_L100_s20260816.odb,False,,,,,,,,,,C:\temp\RVE_vf030_E20a00_D10_p010_C_L100_s20260816_phase.png,C:\temp\RVE_vf030_E20a00_D10_p010_C_L100_s20260816_contour.png,C:\temp\transverse_stress_strain_curve_vf030_s20260816.csv,C:\temp\ml_curve_100pt_vf030_s20260816.csv,C:\temp\RVE_vf030_E20a00_D10_p010_C_L100_s20260816.odb,0.0,1.24124328,2.450243307,3.665177115,4.881249806,6.094306553,7.303718407,8.510376608,9.715503626,10.92056369,12.12612342,13.33251642,14.53945723,15.74668439,16.95353777,18.15990158,19.36524661,20.56932496,21.77213415,22.97372119,24.17426918,25.37390882,26.5729992,27.77169263,28.97017282,30.16848335,31.36644957,32.56415388,33.76132523,34.95712099,36.15246317,37.34422956,38.53287313,39.71594647,40.89349847,42.06515782,43.22671658,44.38358605,45.52863744,46.66767601,47.79436813,48.91283918,50.01475154,51.10404752,52.17413777,53.23178662,54.2677798,55.28714262,56.2836151,57.25317415,58.19540344,59.1102526,60.00005155,60.85374041,61.52667532,61.24368773,52.80155325,27.66277125,2.751406467,2.707223523,6.056519619,0.941963544,5.431972709,11.6251278,6.381417211,9.252756521,4.512827777,12.04717217,6.532584203,1.526239281,4.428564579,3.563697856,6.748660475,4.298970747,7.045827018,5.952462438,3.511425595,3.673051021,1.532863734,1.236047641,1.162160232,6.150295362,1.995506478,0.227194423,6.623647804,1.190187504,6.163237283,0.757843713,2.456636886,3.637293423,2.32155537,0.878522942,4.492068069,3.952313589,6.165398146,3.696086834,1.230478338,4.740651396,3.009921488,2.021539509
RVE_vf030_E20a00_D10_p030_C_L100_s20260816,RVE_vf030_E20a00_D10_p030_C,RVE_vf030_E20a00_D10_p030_C_L100_s20260816,3__Ellipse_rve_dataset.csv,current,20260816,ELLIPSE,E20a00,0.3,0.298451302,0.671548698,38,5.0,10.0,100.0,0.25,CIRCLE,C,0.03,0.03,0.03,100,0.977205024,1.954410048,0.1,0.133318918,0.214047009,11.82777979,2.551404652,8.249153356,18.32956965,0.215712898,2.107753001,1.592474508,0.448406873,8.113352272,0.755531842,-5.304936536,-2.558613335,-3.943455245,2.375,0.361842105,1,4,5.656203892,55.86142578,0.010627474,1.062747359,0.312441527,0.070697885,1.0,100,0.02,0.00020202,VALID: POST-PEAK FAILURE DROP CAPTURED,VALID,True,100,0.02,53,5.6631876150535705,55.70726306,0.010707070707070707,0.3168918039858586,0.12347014334911738,-0.27597347874208716,1.4243551516948616,True,ELLIPSE|vf0.30|p0.03,1,True,True,RVE_vf030_E20a00_D10_p030_C_L100_s20260816_phase.png,RVE_vf030_E20a00_D10_p030_C_L100_s20260816_contour.png,transverse_stress_strain_curve_vf030_s20260816.csv,ml_curve_100pt_vf030_s20260816.csv,RVE_vf030_E20a00_D10_p030_C_L100_s20260816.odb,False,,,,,,,,,,C:\temp\RVE_vf030_E20a00_D10_p030_C_L100_s20260816_phase.png,C:\temp\RVE_vf030_E20a00_D10_p030_C_L100_s20260816_contour.png,C:\temp\transverse_stress_strain_curve_vf030_s20260816.csv,C:\temp\ml_curve_100pt_vf030_s20260816.csv,C:\temp\RVE_vf030_E20a00_D10_p030_C_L100_s20260816.odb,0.0,1.169949004,2.30853243,3.452922263,4.598153904,5.740737724,6.879714591,8.015986036,9.151045048,10.28601074,11.42152966,12.55787495,13.69488622,14.83202042,15.96898888,17.10529173,18.24076827,19.3750476,20.50802298,21.63966862,22.77008609,23.89988486,25.02923815,26.15797468,27.28647579,28.41253979,29.53965042,30.66451288,31.78950503,32.91091537,34.03065933,35.14500031,36.25602968,37.35707852,38.45336357,39.5389391,40.6184006,41.6869904,42.74418271,43.77205165,44.81508927,45.80936993,46.83736978,47.75479616,48.74980242,49.69126383,50.64185541,51.57014671,52.44920415,53.31584041,54.05713976,54.44915433,55.60913604,55.70726306,53.06084337,37.0102951,15.85875532,5.830054466,14.40181654,7.864520953,1.482026334,1.970023823,1.244772037,3.368286186,9.000316659,2.520610626,8.664990796,3.496086078,3.029176909,7.191532819,3.638944442,6.237295947,6.16079281,0.773104636,3.132833878,3.872802177,3.163932059,7.558089552,2.995950242,3.168070917,1.586461469,1.675060041,5.297889556,0.291806569,7.157753173,2.734903786,1.628624293,3.178396462,1.608376179,4.081971258,2.706138392,4.229202983,1.882094356,3.170324927,5.243704673,4.859288605,1.251086067,0.606831681,3.246471681,4.149831277
RVE_vf030_E20a00_D10_p050_C_L100_s20260816,RVE_vf030_E20a00_D10_p050_C,RVE_vf030_E20a00_D10_p050_C_L100_s20260816,3__Ellipse_rve_dataset.csv,current,20260816,ELLIPSE,E20a00,0.3,0.298451302,0.651548698,38,5.0,10.0,100.0,0.25,CIRCLE,C,0.05,0.05,0.05,100,1.261566261,2.523132522,0.1,0.119293947,0.162329997,11.82777979,2.551404652,8.249153356,18.32956965,0.215712898,2.107753001,1.592474508,0.448406873,8.113352272,0.755531842,-5.304936536,-2.558613335,-3.943455245,2.375,0.361842105,1,4,5.34181332,42.21598633,0.008120588,0.812058806,0.174455275,0.026803018,1.0,100,0.02,0.00020202,VALID: POST-PEAK FAILURE DROP CAPTURED,VALID,True,100,0.02,40,5.348720486233928,42.08540288,0.00808080808080808,0.17277367362767676,0.12930377420841715,-0.3093222765879249,-0.9639154633319242,True,ELLIPSE|vf0.30|p0.05,1,True,True,RVE_vf030_E20a00_D10_p050_C_L100_s20260816_phase.png,RVE_vf030_E20a00_D10_p050_C_L100_s20260816_contour.png,transverse_stress_strain_curve_vf030_s20260816.csv,ml_curve_100pt_vf030_s20260816.csv,RVE_vf030_E20a00_D10_p050_C_L100_s20260816.odb,False,,,,,,,,,,C:\temp\RVE_vf030_E20a00_D10_p050_C_L100_s20260816_phase.png,C:\temp\RVE_vf030_E20a00_D10_p050_C_L100_s20260816_contour.png,C:\temp\transverse_stress_strain_curve_vf030_s20260816.csv,C:\temp\ml_curve_100pt_vf030_s20260816.csv,C:\temp\RVE_vf030_E20a00_D10_p050_C_L100_s20260816.odb,0.0,1.105980728,2.180865186,3.261769019,4.343678697,5.422653283,6.498153448,7.571146894,8.643043051,9.714876541,10.78740241,11.86077611,12.93479201,14.00909298,15.08304257,16.15649302,17.22908587,18.30044105,19.36931533,20.43857779,21.50429498,22.56990646,23.63624662,24.69860429,25.76379013,26.82532884,27.88870355,28.94655907,30.00074903,31.04529465,32.00262883,33.15277296,34.08184985,35.2288914,36.15113556,37.24545164,38.16445288,39.18699764,40.17352796,41.00861069,42.08540288,41.16757103,39.8972969,29.44751265,19.0917899,0.848542985,0.707759361,1.560464698,1.783910751,2.293010516,1.168994249,1.079045061,0.412111956,1.556874246,1.217333509,0.943330451,0.664792017,0.187150092,1.863010644,0.683498652,0.06615067,0.780067954,1.510449697,0.219948444,0.826756085,1.097850629,2.112638252,0.247401148,0.563428724,0.45084757,0.529847912,0.467631287,0.563679723,1.561678126,0.375626583,0.874892296,1.431906182,2.499116239,0.505238671,1.169123152,0.953530632,0.961367678,0.523783543,0.307407137,0.106458667,1.456887751,1.011428669,1.907976447,0.662056552,1.34995922,0.243886081,0.786808823,1.134373054,0.57961578,2.039660534,0.551394401,0.553834628,1.241348219,0.794483205,0.838912323
RVE_vf040_E20a00_D10_p000_N_L100_s20260816,RVE_vf040_E20a00_D10_p000_N,RVE_vf040_E20a00_D10_p000_N_L100_s20260816,3__Ellipse_rve_dataset.csv,current,20260816,ELLIPSE,E20a00,0.4,0.400553063,0.599446937,51,5.0,10.0,100.0,0.25,NONE,N,0.0,0.0,0.0,0,0.0,0.0,0.1,0.0,0.0,10.39204588,1.849735567,7.76128094,14.95474272,0.177995323,1.33300061,1.019614362,0.285070773,5.148896568,0.764901647,-4.146253606,-1.555058357,-2.812244424,3.1875,0.165441176,2,4,7.243169122,65.70353516,0.009631178,0.963117778,0.32982202,0.058152234,1.0,100,0.02,0.00020202,VALID: POST-PEAK FAILURE DROP CAPTURED,VALID,True,95,0.01898989898989899,48,7.264927495532142,65.48767078,0.009696969696969697,0.33409033958424245,0.3003985295062862,-0.3285430220372929,1.2941281434885556,True,ELLIPSE|vf0.40|p0.00,1,True,True,RVE_vf040_E20a00_D10_p000_N_L100_s20260816_phase.png,RVE_vf040_E20a00_D10_p000_N_L100_s20260816_contour.png,transverse_stress_strain_curve_vf040_s20260816.csv,ml_curve_100pt_vf040_s20260816.csv,RVE_vf040_E20a00_D10_p000_N_L100_s20260816.odb,False,,,,,,,,,,C:\temp\RVE_vf040_E20a00_D10_p000_N_L100_s20260816_phase.png,C:\temp\RVE_vf040_E20a00_D10_p000_N_L100_s20260816_contour.png,C:\temp\transverse_stress_strain_curve_vf040_s20260816.csv,C:\temp\ml_curve_100pt_vf040_s20260816.csv,C:\temp\RVE_vf040_E20a00_D10_p000_N_L100_s20260816.odb,0.0,1.5055104,2.964405455,4.426597245,5.89314743,7.360884012,8.82656306,10.28890985,11.74824813,13.20493353,14.66012466,16.11449725,17.56898993,19.02365388,20.47892531,21.9346342,23.39074918,24.84689163,26.30231916,27.75730378,29.21133533,30.66337537,32.1125078,33.55799576,34.99903163,36.43565378,37.86706007,39.29063479,40.71062551,42.11998575,43.52383256,44.91540627,46.29918249,47.67249412,49.03723681,50.38999294,51.73403526,53.06585642,54.38537451,55.67432567,56.9506766,58.19870311,59.42933713,60.6290391,61.79722385,62.93280363,64.02832071,65.07401049,65.48767078,64.12146407,56.97857419,28.96074229,12.85833396,15.31462547,8.997753937,3.479720612,3.288563095,6.605791577,10.80775889,14.27575024,16.50613195,12.25731792,11.10505543,7.185255412,2.00376526,4.482210816,1.02140616,4.187356777,3.511352758,5.469007807,4.742203323,1.922273282,2.294335605,1.662232159,6.622016136,1.94548419,5.120591081,3.644720246,2.180345506,3.222241131,3.078626263,2.265574025,2.107046654,3.050794109,7.437150627,3.864464406,3.175037969,2.43377291,1.062815812,2.582782591,2.53729968,2.878112593,1.331238585,0.897056751,2.11508418,0.0,0.0,0.0,0.0,0.0
RVE_vf040_E20a00_D10_p010_C_L100_s20260816,RVE_vf040_E20a00_D10_p010_C,RVE_vf040_E20a00_D10_p010_C_L100_s20260816,3__Ellipse_rve_dataset.csv,current,20260816,ELLIPSE,E20a00,0.4,0.400553063,0.589446937,51,5.0,10.0,100.0,0.25,CIRCLE,C,0.01,0.01,0.01,100,0.564189584,1.128379167,0.1,0.110249744,0.137443253,10.39204588,1.849735567,7.76128094,14.95474272,0.177995323,1.33300061,1.019614362,0.285070773,5.148896568,0.764901647,-4.146253606,-1.555058357,-2.812244424,3.1875,0.165441176,2,4,7.007618852,57.77779785,0.008737274,0.873727381,0.26299712,0.056342129,1.0,100,0.02,0.00020202,VALID: POST-PEAK FAILURE DROP CAPTURED,VALID,True,95,0.01898989898989899,43,7.029169018574999,57.55845984,0.008686868686868687,0.2601130328157576,0.3075248102120757,-0.37962334696354527,-1.0966231053185598,True,ELLIPSE|vf0.40|p0.01,1,True,True,RVE_vf040_E20a00_D10_p010_C_L100_s20260816_phase.png,RVE_vf040_E20a00_D10_p010_C_L100_s20260816_contour.png,transverse_stress_strain_curve_vf040_s20260816.csv,ml_curve_100pt_vf040_s20260816.csv,RVE_vf040_E20a00_D10_p010_C_L100_s20260816.odb,False,,,,,,,,,,C:\temp\RVE_vf040_E20a00_D10_p010_C_L100_s20260816_phase.png,C:\temp\RVE_vf040_E20a00_D10_p010_C_L100_s20260816_contour.png,C:\temp\transverse_stress_strain_curve_vf040_s20260816.csv,C:\temp\ml_curve_100pt_vf040_s20260816.csv,C:\temp\RVE_vf040_E20a00_D10_p010_C_L100_s20260816.odb,0.0,1.457259415,2.868423326,4.283031663,5.702189856,7.122176272,8.540362087,9.955276829,11.36716348,12.77647162,14.18438135,15.59141927,16.99855071,18.4060436,19.81423255,21.22295545,22.63169146,24.04043773,25.44849625,26.85563004,28.26134847,29.66412963,31.06346458,32.45797379,33.84708999,35.22972699,36.60688097,37.97474236,39.33818715,40.6876143,42.02960403,43.3597067,44.67773516,45.98502491,47.27565682,48.5522276,49.79596285,51.01836767,52.16338728,53.27458073,54.25678308,55.59605226,56.39784224,57.55845984,56.51090051,49.42131582,39.4894405,15.97568608,5.709050846,8.63710718,4.93269235,8.755861384,4.341306453,1.495720709,12.92606365,5.087125181,7.308163826,3.646471335,5.096123316,3.15335575,3.544711953,4.350435154,7.272482516,4.543276829,10.04353976,2.13475974,13.02294574,1.434499388,11.42209176,3.65557604,6.565400749,9.120914689,8.941553883,3.468241563,5.571681242,5.967452708,3.390959258,7.516430065,2.1204796,6.258370648,7.200266957,5.672939245,8.934089184,3.850164907,3.002128925,7.55002036,1.17263899,5.483846277,7.164949489,5.302004513,2.728464491,3.982932951,1.164075398,1.382327969,4.750121519,0.0,0.0,0.0,0.0,0.0
RVE_vf040_E20a00_D10_p030_C_L100_s20260816,RVE_vf040_E20a00_D10_p030_C,RVE_vf040_E20a00_D10_p030_C_L100_s20260816,3__Ellipse_rve_dataset.csv,current,20260816,ELLIPSE,E20a00,0.4,0.400553063,0.569446937,51,5.0,10.0,100.0,0.25,CIRCLE,C,0.03,0.03,0.03,100,0.977205024,1.954410048,0.1,0.117380963,0.303859572,10.39204588,1.849735567,7.76128094,14.95474272,0.177995323,1.33300061,1.019614362,0.285070773,5.148896568,0.764901647,-4.146253606,-1.555058357,-2.812244424,3.1875,0.165441176,2,4,6.599798401,48.73022461,0.008293542,0.829354167,0.221595232,0.109717755,1.0,100,0.02,0.00020202,VALID: POST-PEAK FAILURE DROP CAPTURED,VALID,True,95,0.01898989898989899,41,6.620705819710714,48.50784613,0.008282828282828282,0.2211931129723232,0.31678874778274374,-0.4563461009666035,-0.1814655595463406,True,ELLIPSE|vf0.40|p0.03,1,True,True,RVE_vf040_E20a00_D10_p030_C_L100_s20260816_phase.png,RVE_vf040_E20a00_D10_p030_C_L100_s20260816_contour.png,transverse_stress_strain_curve_vf040_s20260816.csv,ml_curve_100pt_vf040_s20260816.csv,RVE_vf040_E20a00_D10_p030_C_L100_s20260816.odb,False,,,,,,,,,,C:\temp\RVE_vf040_E20a00_D10_p030_C_L100_s20260816_phase.png,C:\temp\RVE_vf040_E20a00_D10_p030_C_L100_s20260816_contour.png,C:\temp\transverse_stress_strain_curve_vf040_s20260816.csv,C:\temp\ml_curve_100pt_vf040_s20260816.csv,C:\temp\RVE_vf040_E20a00_D10_p030_C_L100_s20260816.odb,0.0,1.373167826,2.702211571,4.034520078,5.371097352,6.708722539,8.044308873,9.377079439,10.70687099,12.03440343,13.36048048,14.68598382,16.0113646,17.33724451,18.6637025,19.99076839,21.31801797,22.64483464,23.97134283,25.29644115,26.62017418,27.93902045,29.25538476,30.56669989,31.87077955,33.16947632,34.45574546,35.73585883,37.0024976,38.2605308,39.50413938,40.73954371,41.95661755,43.15766853,44.34078786,45.51208698,46.64968986,47.73629355,47.6198754,47.54452827,47.38202423,48.50784613,41.35117,31.09151138,14.66938206,6.289160522,9.53740218,9.532287216,1.323315303,6.828475649,11.9497298,5.021344539,1.09939428,5.763288455,8.003802872,1.499126451,1.198569232,3.911101219,1.25275056,5.133022133,4.076293788,5.084808209,0.766996389,1.493941819,2.243518856,4.429027594,3.108932972,2.448399799,2.329822586,3.553455279,1.696487953,5.292875334,1.050858403,4.506195992,4.824254982,2.149792504,1.339699011,3.566252482,2.036176597,1.776666907,2.115915791,0.882281839,1.328336346,1.75893443,0.986926494,1.849625871,2.120928893,3.949638611,2.861145146,1.069803605,0.101303665,1.534102028,2.628660473,1.322171093,7.753107952,0.0,0.0,0.0,0.0,0.0
RVE_vf040_E20a00_D10_p050_C_L100_s20260816,RVE_vf040_E20a00_D10_p050_C,RVE_vf040_E20a00_D10_p050_C_L100_s20260816,3__Ellipse_rve_dataset.csv,current,20260816,ELLIPSE,E20a00,0.4,0.400553063,0.549446937,51,5.0,10.0,100.0,0.25,CIRCLE,C,0.05,0.05,0.05,100,1.261566261,2.523132522,0.1,0.108466124,0.165417634,10.39204588,1.849735567,7.76128094,14.95474272,0.177995323,1.33300061,1.019614362,0.285070773,5.148896568,0.764901647,-4.146253606,-1.555058357,-2.812244424,3.1875,0.165441176,2,4,6.151978323,40.09173584,0.006983721,0.698372126,0.147932815,0.066846334,1.0,100,0.02,0.00020202,VALID: POST-PEAK FAILURE DROP CAPTURED,VALID,True,95,0.01898989898989899,33,6.174156889017856,39.61217979,0.006666666666666666,0.1353955399840404,0.3605111210313988,-1.1961468865150524,-8.474979007165928,False,ELLIPSE|vf0.40|p0.05,1,True,True,RVE_vf040_E20a00_D10_p050_C_L100_s20260816_phase.png,RVE_vf040_E20a00_D10_p050_C_L100_s20260816_contour.png,transverse_stress_strain_curve_vf040_s20260816.csv,ml_curve_100pt_vf040_s20260816.csv,RVE_vf040_E20a00_D10_p050_C_L100_s20260816.odb,False,,,,,,,,,,C:\temp\RVE_vf040_E20a00_D10_p050_C_L100_s20260816_phase.png,C:\temp\RVE_vf040_E20a00_D10_p050_C_L100_s20260816_contour.png,C:\temp\transverse_stress_strain_curve_vf040_s20260816.csv,C:\temp\ml_curve_100pt_vf040_s20260816.csv,C:\temp\RVE_vf040_E20a00_D10_p050_C_L100_s20260816.odb,0.0,1.282861197,2.521628263,3.763027915,5.009178799,6.256503849,7.502672193,8.746248404,9.986891286,11.22516849,12.46176832,13.69750077,14.9330428,16.16885731,17.40547682,18.64262672,19.87944093,21.11493183,22.34834279,23.58020731,24.80879084,26.03446085,27.25390229,28.46411232,29.57247854,30.68427772,32.0173889,32.92382755,34.40206052,35.28353389,36.5470203,37.48802064,38.39558267,39.61217979,38.97789966,38.94495919,31.63888519,25.36848147,16.94104002,2.420548045,1.922283214,1.70581373,0.598413172,0.459708211,0.66905799,0.716452159,0.627140826,0.479949795,0.641060011,0.735139944,0.597335023,1.108125698,1.122216329,1.144583008,0.139681563,1.233165056,0.12512084,0.35186922,0.53010873,0.121686151,0.441011428,0.48588245,0.524096385,0.371560893,1.805552956,0.587289231,0.492499023,0.394809343,1.680897917,1.138916978,0.917559759,1.218515016,0.794013336,0.687228782,0.181575114,1.527768246,0.272064362,0.557768746,0.482048619,0.233731219,0.968188787,0.363122499,0.148067633,0.412030334,0.481970155,0.401678818,1.12111679,0.219953655,0.497521286,0.571364307,1.26215261,0.685832932,0.669254138,0.66927574,1.005975893,0.0,0.0,0.0,0.0,0.0
RVE_vf050_E20a00_D10_p000_N_L100_s20260816,RVE_vf050_E20a00_D10_p000_N,RVE_vf050_E20a00_D10_p000_N_L100_s20260816,3__Ellipse_rve_dataset.csv,current,20260816,ELLIPSE,E20a00,0.5,0.502654825,0.497345175,64,5.0,10.0,100.0,0.25,NONE,N,0.0,0.0,0.0,0,0.0,0.0,0.1,0.0,0.0,9.127833381,1.250513382,7.360301893,12.84393216,0.137000023,0.874122455,0.460532069,0.268085221,1.98354446,0.526850748,-2.730583607,-2.019914401,-4.419964938,4.0,0.28125,2,6,8.464178177,75.43963379,0.009710125,0.971012533,0.390312999,0.082111478,1.0,100,0.02,0.00020202,VALID: POST-PEAK FAILURE DROP CAPTURED,VALID,True,80,0.01595959595959596,48,8.496462608405354,75.40734365,0.009696969696969697,0.3892954328460606,0.3814242886932669,-0.04280262029092842,-0.26070516650648023,True,ELLIPSE|vf0.50|p0.00,1,True,True,RVE_vf050_E20a00_D10_p000_N_L100_s20260816_phase.png,RVE_vf050_E20a00_D10_p000_N_L100_s20260816_contour.png,transverse_stress_strain_curve_vf050_s20260816.csv,ml_curve_100pt_vf050_s20260816.csv,RVE_vf050_E20a00_D10_p000_N_L100_s20260816.odb,False,,,,,,,,,,C:\temp\RVE_vf050_E20a00_D10_p000_N_L100_s20260816_phase.png,C:\temp\RVE_vf050_E20a00_D10_p000_N_L100_s20260816_contour.png,C:\temp\transverse_stress_strain_curve_vf050_s20260816.csv,C:\temp\ml_curve_100pt_vf050_s20260816.csv,C:\temp\RVE_vf050_E20a00_D10_p000_N_L100_s20260816.odb,0.0,1.769268657,3.477821547,5.184143443,6.89534538,8.610520406,10.32655118,12.04095495,13.75252859,15.46076804,17.16595719,18.86838717,20.5692036,22.26878777,23.96837146,25.66801452,27.3677921,29.06848199,30.76967692,32.47085782,34.17239128,35.87361048,37.57371626,39.27116311,40.96540837,42.65343572,44.33522392,46.01020487,47.67339546,49.32870812,50.97224013,52.60165511,54.22063694,55.82336794,57.41007844,58.97166991,60.51193081,62.01448005,63.47855532,64.89747255,66.27357952,67.59972572,68.88718628,70.12309014,71.3233228,72.46337941,73.57135245,74.60430692,75.40734365,73.29517363,55.94375048,3.565746668,8.306847973,3.424813676,6.707365573,7.273786219,24.392624,15.57344695,16.90726971,14.51042616,2.533861922,8.009403293,1.829998156,20.4025569,15.9696119,3.734452375,13.31752007,7.949151467,2.082494425,3.284853894,17.05213256,10.20053924,6.456204842,3.965977631,5.495908915,7.819640542,21.03864918,8.666974413,16.54728136,3.370610173,0.0,0.0,0.0,0.0,0.0,0.0,0.0,0.0,0.0,0.0,0.0,0.0,0.0,0.0,0.0,0.0,0.0,0.0,0.0,0.0
RVE_vf050_E20a00_D10_p010_C_L100_s20260816,RVE_vf050_E20a00_D10_p010_C,RVE_vf050_E20a00_D10_p010_C_L100_s20260816,3__Ellipse_rve_dataset.csv,current,20260816,ELLIPSE,E20a00,0.5,0.502654825,0.487345175,64,5.0,10.0,100.0,0.25,CIRCLE,C,0.01,0.01,0.01,100,0.564189584,1.128379167,0.1,0.106710354,0.179550703,9.127833381,1.250513382,7.360301893,12.84393216,0.137000023,0.874122455,0.460532069,0.268085221,1.98354446,0.526850748,-2.730583607,-2.019914401,-4.419964938,4.0,0.28125,2,6,8.182199917,63.14697754,0.008225139,0.822513938,0.272754098,0.061705402,1.0,100,0.02,0.00020202,VALID: POST-PEAK FAILURE DROP CAPTURED,VALID,True,80,0.01595959595959596,40,8.214229569798214,62.53803254,0.00808080808080808,0.26366183386565656,0.3914552702588695,-0.9643296064554581,-3.3335023015285516,True,ELLIPSE|vf0.50|p0.01,1,True,True,RVE_vf050_E20a00_D10_p010_C_L100_s20260816_phase.png,RVE_vf050_E20a00_D10_p010_C_L100_s20260816_contour.png,transverse_stress_strain_curve_vf050_s20260816.csv,ml_curve_100pt_vf050_s20260816.csv,RVE_vf050_E20a00_D10_p010_C_L100_s20260816.odb,False,,,,,,,,,,C:\temp\RVE_vf050_E20a00_D10_p010_C_L100_s20260816_phase.png,C:\temp\RVE_vf050_E20a00_D10_p010_C_L100_s20260816_contour.png,C:\temp\transverse_stress_strain_curve_vf050_s20260816.csv,C:\temp\ml_curve_100pt_vf050_s20260816.csv,C:\temp\RVE_vf050_E20a00_D10_p010_C_L100_s20260816.odb,0.0,1.711925086,3.363770222,5.0129236,6.667104514,8.324936892,9.984191941,11.64199592,13.29715679,14.94894799,16.59773459,18.2437993,19.88833387,21.53154668,23.17426099,24.81708402,26.46036628,28.10398798,29.74739855,31.39104436,33.03339877,34.67451293,36.31107256,37.94425231,39.56995731,41.18852326,42.79505167,44.39128802,45.97012652,47.53480964,49.0845619,50.61549065,52.12513991,53.60858524,55.06465291,56.48952947,57.86503997,59.10736517,60.00998976,61.56520382,62.53803254,62.29472699,49.50057602,10.01034397,0.565582724,2.342769011,4.835306546,1.3308246,9.136240391,7.863288697,5.857962657,10.17975676,6.687311526,2.939283079,7.640878583,11.30449661,2.769267402,8.992964989,7.073080532,1.671200382,3.293518448,5.222023633,10.50358118,12.98022481,2.469797346,5.08885268,7.947133421,4.603177508,6.025849455,9.384664067,3.898072104,7.02255065,0.403843463,6.592071355,12.47102487,2.137462229,4.120444876,0.440440491,5.645373268,1.779639822,0.0,0.0,0.0,0.0,0.0,0.0,0.0,0.0,0.0,0.0,0.0,0.0,0.0,0.0,0.0,0.0,0.0,0.0,0.0,0.0
RVE_vf050_E20a00_D10_p030_C_L100_s20260816,RVE_vf050_E20a00_D10_p030_C,RVE_vf050_E20a00_D10_p030_C_L100_s20260816,3__Ellipse_rve_dataset.csv,current,20260816,ELLIPSE,E20a00,0.5,0.502654825,0.467345175,64,5.0,10.0,100.0,0.25,CIRCLE,C,0.03,0.03,0.03,100,0.977205024,1.954410048,0.1,0.109797784,0.136192325,9.127833381,1.250513382,7.360301893,12.84393216,0.137000023,0.874122455,0.460532069,0.268085221,1.98354446,0.526850748,-2.730583607,-2.019914401,-4.419964938,4.0,0.28125,2,6,7.586782489,49.25981934,0.007102374,0.710237384,0.188763288,0.085820131,1.0,100,0.02,0.00020202,VALID: POST-PEAK FAILURE DROP CAPTURED,VALID,True,80,0.01595959595959596,35,7.618340727230355,49.11285732,0.007070707070707071,0.18721022565959597,0.41596339787137626,-0.2983405582258406,-0.8227565629202391,True,ELLIPSE|vf0.50|p0.03,1,True,True,RVE_vf050_E20a00_D10_p030_C_L100_s20260816_phase.png,RVE_vf050_E20a00_D10_p030_C_L100_s20260816_contour.png,transverse_stress_strain_curve_vf050_s20260816.csv,ml_curve_100pt_vf050_s20260816.csv,RVE_vf050_E20a00_D10_p030_C_L100_s20260816.odb,False,,,,,,,,,,C:\temp\RVE_vf050_E20a00_D10_p030_C_L100_s20260816_phase.png,C:\temp\RVE_vf050_E20a00_D10_p030_C_L100_s20260816_contour.png,C:\temp\transverse_stress_strain_curve_vf050_s20260816.csv,C:\temp\ml_curve_100pt_vf050_s20260816.csv,C:\temp\RVE_vf050_E20a00_D10_p030_C_L100_s20260816.odb,0.0,1.590366922,3.12177944,4.65090508,6.184446809,7.722303193,9.261139341,10.79885121,12.33414178,13.86627562,15.39540623,16.92216746,18.44712986,19.97117542,21.49446215,23.0179498,24.54215571,26.06655365,27.59035321,29.11517396,30.63571212,32.1461128,33.65642992,35.14902648,36.64339287,38.12045136,39.58421266,41.03452751,42.46367207,43.87240579,45.25885469,46.60985654,47.36581627,48.43492035,49.06606008,49.11285732,48.31152408,48.39096709,38.7927526,19.78500138,5.768391161,11.37831448,12.40008437,5.812833939,6.97570474,5.278523098,5.545416707,8.007162438,0.877373124,11.76691197,2.848297236,5.359390138,4.325231682,7.80225313,3.836446595,2.35164245,3.209900884,3.986811444,4.183881616,0.368939968,4.438444345,3.262907089,3.052156931,2.969976779,3.458713377,0.599746923,2.126585259,2.092136642,3.322436515,0.288188433,2.347305364,2.085428271,7.727161668,10.11519611,11.63456538,2.581498477,6.089116135,6.974778505,5.3438727,6.276045162,0.0,0.0,0.0,0.0,0.0,0.0,0.0,0.0,0.0,0.0,0.0,0.0,0.0,0.0,0.0,0.0,0.0,0.0,0.0,0.0
RVE_vf050_E20a00_D10_p050_C_L100_s20260816,RVE_vf050_E20a00_D10_p050_C,RVE_vf050_E20a00_D10_p050_C_L100_s20260816,3__Ellipse_rve_dataset.csv,current,20260816,ELLIPSE,E20a00,0.5,0.502654825,0.447345175,64,5.0,10.0,100.0,0.25,CIRCLE,C,0.05,0.05,0.05,100,1.261566261,2.523132522,0.1,0.11731649,0.102973997,9.127833381,1.250513382,7.360301893,12.84393216,0.137000023,0.874122455,0.460532069,0.268085221,1.98354446,0.526850748,-2.730583607,-2.019914401,-4.419964938,4.0,0.28125,2,6,6.939201309,41.19997559,0.006879403,0.6879403,0.157766191,0.136948482,1.0,100,0.02,0.00020202,VALID: POST-PEAK FAILURE DROP CAPTURED,VALID,True,80,0.01595959595959596,34,6.969034942060713,41.18036395,0.006868686868686869,0.15730294620343435,0.4299289173527606,-0.04760109616366114,-0.29362742019020305,True,ELLIPSE|vf0.50|p0.05,1,True,True,RVE_vf050_E20a00_D10_p050_C_L100_s20260816_phase.png,RVE_vf050_E20a00_D10_p050_C_L100_s20260816_contour.png,transverse_stress_strain_curve_vf050_s20260816.csv,ml_curve_100pt_vf050_s20260816.csv,RVE_vf050_E20a00_D10_p050_C_L100_s20260816.odb,False,,,,,,,,,,C:\temp\RVE_vf050_E20a00_D10_p050_C_L100_s20260816_phase.png,C:\temp\RVE_vf050_E20a00_D10_p050_C_L100_s20260816_contour.png,C:\temp\transverse_stress_strain_curve_vf050_s20260816.csv,C:\temp\ml_curve_100pt_vf050_s20260816.csv,C:\temp\RVE_vf050_E20a00_D10_p050_C_L100_s20260816.odb,0.0,1.458630851,2.860844739,4.258631963,5.660628173,7.066488408,8.4738385,9.881063668,11.28641208,12.68936494,14.08956883,15.48776271,16.88394041,18.27859185,19.66900072,21.05588418,22.439803,23.81715002,25.19370653,26.55970223,27.91690556,29.1245994,30.52159001,31.73723914,33.16534751,34.392131,35.68477805,36.75550844,37.73215659,36.04633615,39.14707761,38.54796047,40.27345493,39.90330307,41.18036395,33.41138646,27.19284486,13.77887962,7.239688478,13.81960586,0.673617198,4.323599198,6.736901697,0.945334466,6.835158099,4.389347519,0.41211189,4.451829794,3.587088423,1.372539271,8.089486415,2.489471266,3.88768063,4.736434848,1.805234715,5.962644711,4.699932222,5.840949718,4.611011452,7.432964107,1.041787388,2.381446665,0.76328577,1.31681183,2.75815829,3.099628391,3.222225517,3.046299435,8.217266222,5.966354171,3.736205855,2.807244804,6.40783909,3.52209529,2.901104284,2.934580909,2.453160694,4.30542064,4.921754912,1.203390262,0.0,0.0,0.0,0.0,0.0,0.0,0.0,0.0,0.0,0.0,0.0,0.0,0.0,0.0,0.0,0.0,0.0,0.0,0.0,0.0
RVE_vf060_E20a00_D10_p000_N_L100_s20260816,RVE_vf060_E20a00_D10_p000_N,RVE_vf060_E20a00_D10_p000_N_L100_s20260816,3__Ellipse_rve_dataset.csv,current,20260816,ELLIPSE,E20a00,0.6,0.596902604,0.403097396,76,5.0,10.0,100.0,0.25,NONE,N,0.0,0.0,0.0,0,0.0,0.0,0.1,0.0,0.0,8.541573786,0.972375278,7.325324187,11.12787702,0.113840295,0.649714006,0.425804025,0.250037311,2.155184292,0.655371473,-2.429437642,-1.725404053,-4.006982064,4.75,0.197368421,3,6,10.23791192,82.0969043,0.009298658,0.929865777,0.424262438,0.137627046,1.0,100,0.02,0.00020202,VALID: POST-PEAK FAILURE DROP CAPTURED,VALID,True,67,0.013333333333333332,46,10.271494357103569,82.08627045,0.009292929292929294,0.4237711050874748,0.32802037530684724,-0.012952802655197,-0.11580872321419909,True,ELLIPSE|vf0.60|p0.00,1,True,True,RVE_vf060_E20a00_D10_p000_N_L100_s20260816_phase.png,RVE_vf060_E20a00_D10_p000_N_L100_s20260816_contour.png,transverse_stress_strain_curve_vf060_s20260816.csv,ml_curve_100pt_vf060_s20260816.csv,RVE_vf060_E20a00_D10_p000_N_L100_s20260816.odb,False,,,,,,,,,,C:\temp\RVE_vf060_E20a00_D10_p000_N_L100_s20260816_phase.png,C:\temp\RVE_vf060_E20a00_D10_p000_N_L100_s20260816_contour.png,C:\temp\transverse_stress_strain_curve_vf060_s20260816.csv,C:\temp\ml_curve_100pt_vf060_s20260816.csv,C:\temp\RVE_vf060_E20a00_D10_p000_N_L100_s20260816.odb,0.0,2.144633945,4.217574253,6.2800479,8.34518592,10.41462552,12.4874056,14.56199951,16.63594688,18.70809408,20.77717509,22.84342208,24.90606763,26.96590577,29.02337112,31.07924431,33.13443445,35.18866916,37.24168558,39.29312131,41.3395235,43.37692385,45.4043362,47.4229318,49.41892335,51.40738484,53.36759066,55.30944318,57.21584052,59.08096414,60.92734837,62.71805704,64.47709103,66.18555454,67.84612197,69.44105703,70.98241267,72.45935161,73.85609281,75.19243145,76.3948346,77.59955059,78.76171628,79.76061366,80.79088236,81.6382468,82.08627045,75.31679035,27.15165059,14.58745323,20.08347335,14.77009043,14.85723686,6.074578186,3.125818292,6.007726925,0.563653893,5.54886057,8.123616325,3.22572771,0.3318188,0.689257361,2.709577767,5.991667677,0.497400972,2.872796247,5.603261934,0.0,0.0,0.0,0.0,0.0,0.0,0.0,0.0,0.0,0.0,0.0,0.0,0.0,0.0,0.0,0.0,0.0,0.0,0.0,0.0,0.0,0.0,0.0,0.0,0.0,0.0,0.0,0.0,0.0,0.0,0.0,0.0,0.0
RVE_vf060_E20a00_D10_p010_C_L100_s20260816,RVE_vf060_E20a00_D10_p010_C,RVE_vf060_E20a00_D10_p010_C_L100_s20260816,3__Ellipse_rve_dataset.csv,current,20260816,ELLIPSE,E20a00,0.6,0.596902604,0.393097396,76,5.0,10.0,100.0,0.25,CIRCLE,C,0.01,0.01,0.01,100,0.564189584,1.128379167,0.1,0.106846299,0.205107214,8.541573786,0.972375278,7.325324187,11.12787702,0.113840295,0.649714006,0.425804025,0.250037311,2.155184292,0.655371473,-2.429437642,-1.725404053,-4.006982064,4.75,0.197368421,3,6,10.35711767,73.61590332,0.00811453,0.811452985,0.328280433,0.124070056,1.0,100,0.02,0.00020202,VALID: POST-PEAK FAILURE DROP CAPTURED,VALID,True,67,0.013333333333333332,40,10.389940034630355,73.57218798,0.00808080808080808,0.32575078409151514,0.3169063602070246,-0.05938301104583342,-0.7705755976277875,True,ELLIPSE|vf0.60|p0.01,1,True,True,RVE_vf060_E20a00_D10_p010_C_L100_s20260816_phase.png,RVE_vf060_E20a00_D10_p010_C_L100_s20260816_contour.png,transverse_stress_strain_curve_vf060_s20260816.csv,ml_curve_100pt_vf060_s20260816.csv,RVE_vf060_E20a00_D10_p010_C_L100_s20260816.odb,False,,,,,,,,,,C:\temp\RVE_vf060_E20a00_D10_p010_C_L100_s20260816_phase.png,C:\temp\RVE_vf060_E20a00_D10_p010_C_L100_s20260816_contour.png,C:\temp\transverse_stress_strain_curve_vf060_s20260816.csv,C:\temp\ml_curve_100pt_vf060_s20260816.csv,C:\temp\RVE_vf060_E20a00_D10_p010_C_L100_s20260816.odb,0.0,2.168282681,4.265617647,6.352272004,8.441161021,10.53424126,12.63119782,14.72925691,16.82708255,18.92257933,21.01552133,23.10494087,25.19146585,27.27507171,29.3560415,31.43516088,33.51149379,35.58387668,37.6435665,39.69823169,41.7364526,43.760289,45.76188322,47.74306814,49.6958166,51.6207852,53.50707788,55.35644998,57.15953845,58.91370757,60.60911425,62.25750122,63.82913952,65.35578935,66.80960909,68.18955174,69.48636675,70.71993275,71.73574245,72.74540948,73.57218798,69.25029409,43.05838917,17.59086928,13.10265376,6.87611152,27.12293178,4.227396744,13.98972934,18.69102916,0.851873042,1.361301674,1.880707027,5.533354817,11.5995602,11.80972531,7.787594786,5.416773164,4.800126757,15.60730383,0.56504943,3.927621255,1.874536064,6.399425816,2.757142432,1.240658041,0.550533815,0.0,0.0,0.0,0.0,0.0,0.0,0.0,0.0,0.0,0.0,0.0,0.0,0.0,0.0,0.0,0.0,0.0,0.0,0.0,0.0,0.0,0.0,0.0,0.0,0.0,0.0,0.0,0.0,0.0,0.0,0.0,0.0,0.0
RVE_vf060_E20a00_D10_p030_C_L100_s20260816,RVE_vf060_E20a00_D10_p030_C,RVE_vf060_E20a00_D10_p030_C_L100_s20260816,3__Ellipse_rve_dataset.csv,current,20260816,ELLIPSE,E20a00,0.6,0.596902604,0.373097396,76,5.0,10.0,100.0,0.25,CIRCLE,C,0.03,0.03,0.03,100,0.977205024,1.954410048,0.1,0.122903505,0.311857817,8.541573786,0.972375278,7.325324187,11.12787702,0.113840295,0.649714006,0.425804025,0.250037311,2.155184292,0.655371473,-2.429437642,-1.725404053,-4.006982064,4.75,0.197368421,3,6,9.245377251,59.08366699,0.00693649,0.693648994,0.218317671,0.078695815,1.0,100,0.02,0.00020202,VALID: POST-PEAK FAILURE DROP CAPTURED,VALID,True,67,0.013333333333333332,34,9.272340851517857,58.99126756,0.006868686868686869,0.21425176970060608,0.2916441350723653,-0.15638743278347828,-1.862378469305817,True,ELLIPSE|vf0.60|p0.03,1,True,True,RVE_vf060_E20a00_D10_p030_C_L100_s20260816_phase.png,RVE_vf060_E20a00_D10_p030_C_L100_s20260816_contour.png,transverse_stress_strain_curve_vf060_s20260816.csv,ml_curve_100pt_vf060_s20260816.csv,RVE_vf060_E20a00_D10_p030_C_L100_s20260816.odb,False,,,,,,,,,,C:\temp\RVE_vf060_E20a00_D10_p030_C_L100_s20260816_phase.png,C:\temp\RVE_vf060_E20a00_D10_p030_C_L100_s20260816_contour.png,C:\temp\transverse_stress_strain_curve_vf060_s20260816.csv,C:\temp\ml_curve_100pt_vf060_s20260816.csv,C:\temp\RVE_vf060_E20a00_D10_p030_C_L100_s20260816.odb,0.0,1.938687809,3.812779847,5.675244689,7.538517187,9.404996466,11.27492919,13.14681217,15.01897472,16.89013371,18.75959309,20.62628556,22.49039399,24.35185557,26.21122189,28.0688653,29.9227186,31.77398931,33.61827941,35.45437345,37.28161706,39.09983153,40.89671179,42.67818944,44.42575526,46.13318262,47.67490913,49.45429162,50.91706187,52.54089284,53.95531577,55.46621959,56.72318015,57.82481561,58.99126756,57.58699952,47.2352202,24.45171774,1.608219014,4.703767863,2.821245948,5.015646685,13.96312834,6.933595423,3.646465673,3.90096413,6.602245574,7.261615495,5.064905801,1.672449178,2.670276044,4.647162181,9.874500879,1.043202199,2.243375476,1.074248677,13.56382525,5.304830235,2.611662242,6.529790869,7.312201832,3.885585518,12.73286735,5.429560033,6.61992415,2.565841501,4.786653168,0.0,0.0,0.0,0.0,0.0,0.0,0.0,0.0,0.0,0.0,0.0,0.0,0.0,0.0,0.0,0.0,0.0,0.0,0.0,0.0,0.0,0.0,0.0,0.0,0.0,0.0,0.0,0.0,0.0,0.0,0.0,0.0,0.0
RVE_vf060_E20a00_D10_p050_C_L100_s20260816,RVE_vf060_E20a00_D10_p050_C,RVE_vf060_E20a00_D10_p050_C_L100_s20260816,3__Ellipse_rve_dataset.csv,current,20260816,ELLIPSE,E20a00,0.6,0.596902604,0.353097396,76,5.0,10.0,100.0,0.25,CIRCLE,C,0.05,0.05,0.05,100,1.261566261,2.523132522,0.1,0.102100376,0.102973997,8.541573786,0.972375278,7.325324187,11.12787702,0.113840295,0.649714006,0.425804025,0.250037311,2.155184292,0.655371473,-2.429437642,-1.725404053,-4.006982064,4.75,0.197368421,3,6,8.751883443,55.83866699,0.006873539,0.687353909,0.202817478,0.071775323,1.0,100,0.02,0.00020202,VALID: POST-PEAK FAILURE DROP CAPTURED,VALID,True,67,0.013333333333333332,34,8.780874316087498,55.8049212,0.006868686868686869,0.20251205986767679,0.33125296144894856,-0.06043444770277378,-0.1505876788011385,True,ELLIPSE|vf0.60|p0.05,1,True,True,RVE_vf060_E20a00_D10_p050_C_L100_s20260816_phase.png,RVE_vf060_E20a00_D10_p050_C_L100_s20260816_contour.png,transverse_stress_strain_curve_vf060_s20260816.csv,ml_curve_100pt_vf060_s20260816.csv,RVE_vf060_E20a00_D10_p050_C_L100_s20260816.odb,False,,,,,,,,,,C:\temp\RVE_vf060_E20a00_D10_p050_C_L100_s20260816_phase.png,C:\temp\RVE_vf060_E20a00_D10_p050_C_L100_s20260816_contour.png,C:\temp\transverse_stress_strain_curve_vf060_s20260816.csv,C:\temp\ml_curve_100pt_vf060_s20260816.csv,C:\temp\RVE_vf060_E20a00_D10_p050_C_L100_s20260816.odb,0.0,1.836480647,3.609565531,5.372554116,7.137163028,8.905454243,10.6772513,12.45037828,14.22384611,15.99563573,17.76539114,19.53265299,21.2971065,23.0591204,24.8187513,26.57698137,28.33418338,30.08739893,31.83524784,33.57378482,35.29712208,37.0089739,38.70462651,40.37789239,42.01886485,43.6325828,45.20348128,46.48653697,47.96631158,49.49446704,50.86873409,52.22136673,53.54142859,54.62089928,55.8049212,50.73233606,31.45430927,6.800485615,1.406995689,2.852319008,6.824761726,0.322838299,5.575027029,3.307255025,3.68094229,2.297088478,2.521637328,2.73580787,1.339258153,1.210954649,3.154165082,2.331451129,1.75709838,1.551246687,1.051575571,3.336157696,3.672960322,2.933598655,3.286629206,3.185832055,3.234633115,2.201556448,5.712888351,2.334903813,3.422306213,5.401782853,6.783923955,0.0,0.0,0.0,0.0,0.0,0.0,0.0,0.0,0.0,0.0,0.0,0.0,0.0,0.0,0.0,0.0,0.0,0.0,0.0,0.0,0.0,0.0,0.0,0.0,0.0,0.0,0.0,0.0,0.0,0.0,0.0,0.0,0.0
RVE_vf030_H00_D10_p000_N_L100_s20260816,RVE_vf030_H00_D10_p000_N,RVE_vf030_H00_D10_p000_N_L100_s20260816,6__Hexa_rve_dataset.csv,current,20260816,HEXAGON,H00,0.3,0.29845130209103,0.70154869790897,38,5.0,10.0,100.0,0.25,NONE,N,0.0,0.0,0.0,0,0.0,0.0,0.1,0.0,0.0,11.873029853324,1.8515585710544,9.80323922069826,19.9363377008636,0.155946594418445,1.90078880164134,1.66807685923165,0.279238223849829,8.43766657094293,0.877570857841364,-7.03058113922233,-1.57524050974961,-2.30310471813556,2.375,0.467105263157895,0,4,5.83021159181615,71.3106787109375,0.0131774199008942,1.31774199008942,0.49439786019064,0.0718036242954075,1.0,100,0.02,0.0002020202020202,VALID: POST-PEAK FAILURE DROP CAPTURED,VALID,True,100,0.02,65,5.838296171094885,71.1686425579255,0.013131313131313131,0.4911012459898464,0.1386669960672236,-0.19917935936040282,-0.6667937841645308,True,HEXAGON|vf0.30|p0.00,1,True,True,RVE_vf030_H00_D10_p000_N_L100_s20260816_phase.png,RVE_vf030_H00_D10_p000_N_L100_s20260816_contour.png,transverse_stress_strain_curve_vf030_s20260816.csv,ml_curve_100pt_vf030_s20260816.csv,RVE_vf030_H00_D10_p000_N_L100_s20260816.odb,False,,,,,,,,,,C:\temp\RVE_vf030_H00_D10_p000_N_L100_s20260816_phase.png,C:\temp\RVE_vf030_H00_D10_p000_N_L100_s20260816_contour.png,C:\temp\transverse_stress_strain_curve_vf030_s20260816.csv,C:\temp\ml_curve_100pt_vf030_s20260816.csv,C:\temp\RVE_vf030_H00_D10_p000_N_L100_s20260816.odb,0.0,1.20563319066753,2.37912818866278,3.55837467127155,4.73908321436158,5.91736899202356,7.09206985438777,8.26378608157839,9.43400568426249,10.6036891549507,11.773807443928,12.9445473222806,14.1160286721602,15.2877369062805,16.4594717771941,17.6305582887143,18.8009564946447,19.9701967961291,21.1381324000617,22.3049106148542,23.4705436187556,24.6352016633188,25.7991409080299,26.962569336166,28.1256186723963,29.2886133645654,30.451502098801,31.6143696420355,32.7773949099682,33.9402329240482,35.1030181027798,36.2655485560627,37.4276050265702,38.5882511025461,39.7469386025116,40.9037419366827,42.058605962738,43.2109836527522,44.3606832296646,45.5058666932943,46.6439320883044,47.7759267083963,48.8976861460556,50.0119693999784,51.1173277786106,52.2155751901866,53.3045765070956,54.3894359828338,55.4609797464939,56.5249186081517,57.5771914128523,58.6153707033602,59.6476266872952,60.6561473529947,61.655655066548,62.6307862039004,63.5939841138337,64.533721907583,65.4589672099929,66.3621172964498,67.2392555147178,68.0912048587084,68.9141362871114,69.7198196623764,70.4726181848451,71.1686425579255,67.5780126441899,42.0642518331621,7.3868740646198,5.45812361764887,10.6893788201384,4.50087814640333,1.97586436836105,6.02041827882072,5.3485963030115,7.79315111250128,11.0191723005314,2.55943553473852,6.78633689747839,1.31502231232884,6.82691358575583,3.7713558750345,1.14668978574434,1.75392317136811,9.06102424537214,4.69127717769325,4.13394338214914,6.08913227347398,5.38138906108823,4.78805564722768,2.42340261617729,4.77697326445641,2.28670059047948,2.08445801331119,5.91292614482107,5.92784767945859,2.75159062374682,5.65308730622,4.64238456843688,2.52367550861002
RVE_vf030_H00_D10_p010_C_L100_s20260816,RVE_vf030_H00_D10_p010_C,RVE_vf030_H00_D10_p010_C_L100_s20260816,6__Hexa_rve_dataset.csv,current,20260816,HEXAGON,H00,0.3,0.29845130209103,0.69154869790897,38,5.0,10.0,100.0,0.25,CIRCLE,C,0.01,0.01,0.01,100,0.564189583547756,1.12837916709551,0.1,0.1022597999312,0.254251878399622,11.873029853324,1.8515585710544,9.80323922069826,19.9363377008636,0.155946594418445,1.90078880164134,1.66807685923165,0.279238223849829,8.43766657094293,0.877570857841364,-7.03058113922233,-1.57524050974961,-2.30310471813556,2.375,0.467105263157895,0,4,5.66110970399568,62.7528369140625,0.0117996144294739,1.17996144294739,0.386550080468131,0.0605709693471674,1.0,100,0.02,0.0002020202020202,VALID: POST-PEAK FAILURE DROP CAPTURED,VALID,True,100,0.02,58,5.669149307533633,62.5980034989202,0.011717171717171716,0.3813715264658849,0.14201462183781083,-0.24673532346328403,-1.3396851440244464,True,HEXAGON|vf0.30|p0.01,1,True,True,RVE_vf030_H00_D10_p010_C_L100_s20260816_phase.png,RVE_vf030_H00_D10_p010_C_L100_s20260816_contour.png,transverse_stress_strain_curve_vf030_s20260816.csv,ml_curve_100pt_vf030_s20260816.csv,RVE_vf030_H00_D10_p010_C_L100_s20260816.odb,False,,,,,,,,,,C:\temp\RVE_vf030_H00_D10_p010_C_L100_s20260816_phase.png,C:\temp\RVE_vf030_H00_D10_p010_C_L100_s20260816_contour.png,C:\temp\transverse_stress_strain_curve_vf030_s20260816.csv,C:\temp\ml_curve_100pt_vf030_s20260816.csv,C:\temp\RVE_vf030_H00_D10_p010_C_L100_s20260816.odb,0.0,1.17097441477359,2.31042336369981,3.45545797796123,4.60202485659073,5.74606398219071,6.88669704876537,8.02452056010744,9.16078382305579,10.2965247738107,11.4327618736935,12.5695234080064,13.7070483838725,14.8447872449931,15.9826106544946,17.1199249623567,18.256359986266,19.3917633128898,20.5259455764849,21.6590017034766,22.7908842504846,23.9218670539208,25.0522074996662,26.1819663579687,27.311162136941,28.4403672548176,29.5692083767247,30.6977896333857,31.826169146782,32.9538849920825,34.0808668037853,35.2069711112302,36.3314280196911,37.4526668663797,38.5724541011678,39.6885123816241,40.801859373352,41.9111124068319,43.0138629407705,44.1114645227266,45.1988097290897,46.2797610850608,47.3494836094224,48.4096710765333,49.4575223391469,50.4939079477026,51.5244435161528,52.5408691819256,53.5506898292618,54.5426161957303,55.5276982173996,56.491175896213,57.4360529853732,58.3607993937353,59.2683488042082,60.1500957913104,61.006317552261,61.8418879683211,62.5980034989202,62.0810996889279,53.97893894478,36.3194264531909,10.5370481396559,12.033245650338,5.44524160446831,2.05006502792904,4.81200332509778,2.9174480126987,14.7040029837288,6.9724384605715,8.28852949627662,11.5408091102041,5.51962794206135,4.84590268222568,6.64597044098529,4.3695187361345,3.55291440791247,3.78253452520492,9.04680522105257,4.21340635760628,13.1704396458495,5.74671831468086,5.26906381383372,7.83306957145364,7.35253240001957,4.29319047487328,8.70083214801452,1.3493738443372,6.90832253851429,0.836941603443887,5.71726478245514,6.51778875847948,2.32400521607933,0.783214953754568,1.72831002963514,0.212795735359072,3.39131246065757,3.35888355695205,0.98631546562842,2.62874307389442
RVE_vf030_H00_D10_p030_C_L100_s20260816,RVE_vf030_H00_D10_p030_C,RVE_vf030_H00_D10_p030_C_L100_s20260816,6__Hexa_rve_dataset.csv,current,20260816,HEXAGON,H00,0.3,0.29845130209103,0.67154869790897,38,5.0,10.0,100.0,0.25,CIRCLE,C,0.03,0.03,0.03,100,0.97720502380584,1.95441004761168,0.1,0.148118374310839,0.336338294960887,11.873029853324,1.8515585710544,9.80323922069826,19.9363377008636,0.155946594418445,1.90078880164134,1.66807685923165,0.279238223849829,8.43766657094293,0.877570857841364,-7.03058113922233,-1.57524050974961,-2.30310471813556,2.375,0.467105263157895,0,4,5.30913462791654,51.5625390625,0.0102030086517334,1.02030086517334,0.272300650847773,0.0481197811993587,1.0,100,0.02,0.0002020202020202,VALID: POST-PEAK FAILURE DROP CAPTURED,VALID,True,100,0.02,50,5.317220049319483,51.4581007785653,0.0101010101010101,0.26704369098331937,0.15229264220252145,-0.20254682145909503,-1.9305719057544513,True,HEXAGON|vf0.30|p0.03,1,True,True,RVE_vf030_H00_D10_p030_C_L100_s20260816_phase.png,RVE_vf030_H00_D10_p030_C_L100_s20260816_contour.png,transverse_stress_strain_curve_vf030_s20260816.csv,ml_curve_100pt_vf030_s20260816.csv,RVE_vf030_H00_D10_p030_C_L100_s20260816.odb,False,,,,,,,,,,C:\temp\RVE_vf030_H00_D10_p030_C_L100_s20260816_phase.png,C:\temp\RVE_vf030_H00_D10_p030_C_L100_s20260816_contour.png,C:\temp\transverse_stress_strain_curve_vf030_s20260816.csv,C:\temp\ml_curve_100pt_vf030_s20260816.csv,C:\temp\RVE_vf030_H00_D10_p030_C_L100_s20260816.odb,0.0,1.09931027324594,2.1677314799569,3.24166091750771,4.31695973651731,5.3900396870161,6.45973003882224,7.52675581286859,8.5921809859119,9.6573693544815,10.7228461014344,11.7891246034944,12.8559420640201,13.9232013655914,14.9903883511867,16.0572432691661,17.1232926522564,18.1882344511339,19.2522277078122,20.3150144595299,21.3767005299316,22.4373059174583,23.4970943670232,24.5563113242425,25.6151533985802,26.6733885433974,27.7317500767771,28.7890013363132,29.846644728292,30.9030779129061,31.9589465307542,32.9970483542485,34.01730014576,35.0718722348161,36.0999074280728,37.1247304929306,38.1559421603826,39.1759437016527,40.2011965475203,41.2126034505646,42.2082083326036,43.2185563216676,44.1634909129273,45.1258134185195,46.0888903562305,47.0123579012485,47.9416366915094,48.8593574244355,49.7717834178686,50.6359527075603,51.4581007785653,51.4002910455523,49.9022882902745,33.9245635723081,10.5452129217797,1.73363229157943,4.37696570103799,1.49697900193568,2.59879472956537,3.97501148959511,13.5200514230726,5.59010770151869,4.31898874827638,0.934927593738867,9.01174316930839,4.14617478705529,2.67359334129492,3.60362122520112,1.42540448594662,3.2204113021656,2.30018239727432,10.1298543172084,2.71665341735868,5.94190723889106,1.63260987812878,6.93593075290406,4.20511551629553,2.75207148872656,3.69709785762185,4.01381311857734,3.65762177174769,4.45945519797041,4.39158540112538,5.55990615386045,4.87959456154039,3.26780093524293,2.17231729024156,2.9134792418237,3.20474134397245,2.41662949915412,5.6605607052033,8.73318316362415,1.03353292679224,5.15672180418325,6.25967632786725,4.33745907342972,1.21208958314122,5.62566846302052,5.37083644616306,2.53583838778092
RVE_vf030_H00_D10_p050_C_L100_s20260816,RVE_vf030_H00_D10_p050_C,RVE_vf030_H00_D10_p050_C_L100_s20260816,6__Hexa_rve_dataset.csv,current,20260816,HEXAGON,H00,0.3,0.29845130209103,0.65154869790897,38,5.0,10.0,100.0,0.25,CIRCLE,C,0.05,0.05,0.05,100,1.26156626101008,2.52313252202016,0.1,0.100556683571705,0.168829433509187,11.873029853324,1.8515585710544,9.80323922069826,19.9363377008636,0.155946594418445,1.90078880164134,1.66807685923165,0.279238223849829,8.43766657094293,0.877570857841364,-7.03058113922233,-1.57524050974961,-2.30310471813556,2.375,0.467105263157895,0,4,4.97230991679203,44.8343798828125,0.009464726448059,0.946472644805908,0.219261811330813,0.0473246874407168,1.0,100,0.02,0.0002020202020202,VALID: POST-PEAK FAILURE DROP CAPTURED,VALID,True,100,0.02,47,4.98020130885047,44.3005626493211,0.009494949494949495,0.22055089793168497,0.1587067618570942,-1.1906426159716763,0.5879211674152716,False,HEXAGON|vf0.30|p0.05,1,True,True,RVE_vf030_H00_D10_p050_C_L100_s20260816_phase.png,RVE_vf030_H00_D10_p050_C_L100_s20260816_contour.png,transverse_stress_strain_curve_vf030_s20260816.csv,ml_curve_100pt_vf030_s20260816.csv,RVE_vf030_H00_D10_p050_C_L100_s20260816.odb,False,,,,,,,,,,C:\temp\RVE_vf030_H00_D10_p050_C_L100_s20260816_phase.png,C:\temp\RVE_vf030_H00_D10_p050_C_L100_s20260816_contour.png,C:\temp\transverse_stress_strain_curve_vf030_s20260816.csv,C:\temp\ml_curve_100pt_vf030_s20260816.csv,C:\temp\RVE_vf030_H00_D10_p050_C_L100_s20260816.odb,0.0,1.02983437366933,2.03036525278047,3.0361335698674,4.04334568167492,5.04838359411083,6.05038322265023,7.04978509693966,8.04780762519974,9.04544317444357,10.0434292444958,11.042084021145,12.0413848744752,13.0409530742651,14.0406203607767,15.039956878451,16.0385645591202,17.0362533278262,18.0323863335188,19.0269399120444,20.0211674180823,21.0141660172261,22.0040421747559,22.99630793701,23.9851795550924,24.9751554235787,25.9632960538537,26.949598364274,27.9339350417826,28.9155516860062,29.8954712331644,30.8683196899109,31.8369388884321,32.7985734147964,33.7549721099866,34.7030790709567,35.6434132529749,36.5722720266486,37.4154132731778,38.3547151606951,39.2819409355524,40.0910197411429,41.0498937767321,41.7923717633841,42.5554876842069,43.3881235591441,44.0522040071576,44.3005626493211,39.1959788370092,29.1218075485237,22.8541738820974,2.26223627226025,2.00169905439023,0.558543484535155,1.56811242092351,1.75674853571817,2.15032005464269,1.41088079215423,0.555699882699551,0.907011800862173,0.0768638665173733,0.509843702795571,0.484135717565308,1.35164028197752,0.369778415369637,2.43208537540593,0.978194416901098,2.07094324097736,1.36570858408918,1.04933129860997,0.415051899002014,2.19127123321433,1.8299199456541,0.604469390128061,1.83059179293925,2.45770583428786,1.18145752056864,0.999091657958136,1.05573312966678,0.99010272057651,0.117074089955927,1.20557612818397,0.686085874670077,1.17271264321905,2.27023685574543,1.06818133098839,0.492502427879889,2.02293480170687,1.59755498113516,0.676569947768562,1.6753444105314,1.06953933884346,0.666515299926697,0.945389906618654,2.00433165421462,0.133424115488136,2.06584043829613,0.956499674348586,0.815258306459708,0.531628590410014
RVE_vf040_H00_D10_p000_N_L100_s20260816,RVE_vf040_H00_D10_p000_N,RVE_vf040_H00_D10_p000_N_L100_s20260816,6__Hexa_rve_dataset.csv,current,20260816,HEXAGON,H00,0.4,0.400553063332699,0.599446936667301,51,5.0,10.0,100.0,0.25,NONE,N,0.0,0.0,0.0,0,0.0,0.0,0.1,0.0,0.0,11.4269951059354,1.24615460869819,9.85300997021458,14.6231139571923,0.109053569827024,1.46146962864747,1.20379144281521,0.265766718316629,4.98930649894543,0.823685569113924,-7.78749182922449,-2.64908264806937,-3.63492230968634,3.1875,0.322303921568627,1,4,6.72876158996245,71.793583984375,0.0114934492111206,1.14934492111206,0.4351952345485,0.0716748589819164,1.0,100,0.02,0.0002020202020202,VALID: POST-PEAK FAILURE DROP CAPTURED,VALID,True,95,0.01898989898989899,57,6.749737502731963,71.6335541891795,0.011515151515151515,0.43671682703297915,0.3117351163222047,-0.22290264159305248,0.34963445453573017,True,HEXAGON|vf0.40|p0.00,1,True,True,RVE_vf040_H00_D10_p000_N_L100_s20260816_phase.png,RVE_vf040_H00_D10_p000_N_L100_s20260816_contour.png,transverse_stress_strain_curve_vf040_s20260816.csv,ml_curve_100pt_vf040_s20260816.csv,RVE_vf040_H00_D10_p000_N_L100_s20260816.odb,False,,,,,,,,,,C:\temp\RVE_vf040_H00_D10_p000_N_L100_s20260816_phase.png,C:\temp\RVE_vf040_H00_D10_p000_N_L100_s20260816_contour.png,C:\temp\transverse_stress_strain_curve_vf040_s20260816.csv,C:\temp\ml_curve_100pt_vf040_s20260816.csv,C:\temp\RVE_vf040_H00_D10_p000_N_L100_s20260816.odb,0.0,1.40030070974972,2.75546669752463,4.11377141555324,5.47631490839639,6.83976103242684,8.20148719250978,9.55994873357293,10.9154285716393,12.2684973456742,13.6200503409585,14.9708609251057,16.3216672749289,17.6726870740292,19.0245130288697,20.3766892405795,21.7291336040831,23.0814943140928,24.4335468029271,25.7849893350417,27.1353022457684,28.4845827375038,29.8326357145142,31.1793400916235,32.5248680127124,33.869178200394,35.2127444975584,36.5551515561708,37.8969304348535,39.2377258199618,40.5781023761458,41.9179417803444,43.2566847573098,44.5936887174806,45.9254951348462,47.25122665512,48.566276922107,49.8778052462849,51.1801957439452,52.4716457811278,53.7436486535933,55.0018875008457,56.239373544209,57.4616244537439,58.660391289099,59.8429099902384,60.9950877188396,62.1351238095302,63.2379531664135,64.3300511591852,65.3850714873552,66.4157257245016,67.4093967172912,68.3771955220628,69.3106680443195,70.2093899775518,71.0818869864416,71.6335541891795,61.9499369043845,37.1246413516677,11.9876338058475,4.66751915273216,4.39619061735866,6.68413837198101,5.18160603511398,15.0679634495264,1.80252735645993,2.40208469825,0.777771918371175,6.71259943378946,4.18746992980317,8.89436563693594,1.13718598231907,10.383922493442,2.31241439021174,3.6570731412982,1.67893801983943,3.14042506944747,2.31187305601722,2.69518068144191,9.97325422367772,6.44208546318039,0.959211550332753,3.45046643628568,4.95689252243348,7.33035442813209,3.00081939799984,3.60075139241398,1.09132293954449,5.28668927218919,7.61690683336531,0.489383275949734,5.33168077241247,4.49853188352727,1.96895224644827,0.0,0.0,0.0,0.0,0.0
RVE_vf040_H00_D10_p010_C_L100_s20260816,RVE_vf040_H00_D10_p010_C,RVE_vf040_H00_D10_p010_C_L100_s20260816,6__Hexa_rve_dataset.csv,current,20260816,HEXAGON,H00,0.4,0.400553063332699,0.589446936667301,51,5.0,10.0,100.0,0.25,CIRCLE,C,0.01,0.01,0.01,100,0.564189583547756,1.12837916709551,0.1,0.138638940513557,0.179550703355135,11.4269951059354,1.24615460869819,9.85300997021458,14.6231139571923,0.109053569827024,1.46146962864747,1.20379144281521,0.265766718316629,4.98930649894543,0.823685569113924,-7.78749182922449,-2.64908264806937,-3.63492230968634,3.1875,0.322303921568627,1,4,6.49966862140296,60.04205078125,0.0097203505039215,0.972035050392151,0.303201308531551,0.0496526304628703,1.0,100,0.02,0.0002020202020202,VALID: POST-PEAK FAILURE DROP CAPTURED,VALID,True,95,0.01898989898989899,48,6.520337982996717,60.0214930014783,0.009696969696969697,0.30176167938594123,0.31800639075190157,-0.034238970028851214,-0.474809674332239,True,HEXAGON|vf0.40|p0.01,1,True,True,RVE_vf040_H00_D10_p010_C_L100_s20260816_phase.png,RVE_vf040_H00_D10_p010_C_L100_s20260816_contour.png,transverse_stress_strain_curve_vf040_s20260816.csv,ml_curve_100pt_vf040_s20260816.csv,RVE_vf040_H00_D10_p010_C_L100_s20260816.odb,False,,,,,,,,,,C:\temp\RVE_vf040_H00_D10_p010_C_L100_s20260816_phase.png,C:\temp\RVE_vf040_H00_D10_p010_C_L100_s20260816_contour.png,C:\temp\transverse_stress_strain_curve_vf040_s20260816.csv,C:\temp\ml_curve_100pt_vf040_s20260816.csv,C:\temp\RVE_vf040_H00_D10_p010_C_L100_s20260816.odb,0.0,1.35337262960341,2.6621692908288,3.97421746859833,5.29062951107962,6.60769639094964,7.92302499444921,9.23527207776952,10.5446616482833,11.8515097799334,13.157045140392,14.4617617597819,15.7667247305693,17.0720005615235,18.3777582425364,19.6840008343878,20.9904789251584,22.2971698921094,23.6032333772877,24.9085976614969,26.213319138033,27.5165775939553,28.8185076950206,30.1189571106911,31.4170522067589,32.7144072205849,34.0084388365369,35.3015624043387,36.5917494479219,37.8800841091259,39.167719428491,40.4500844920644,41.7328580404603,43.0079570377586,44.2810815057417,45.5406997000171,46.7888315727925,48.0300355691303,49.2573942955217,50.4711536779516,51.6651922108624,52.8408865518746,53.9963700015386,55.1224580312994,56.2301308135317,57.3000993880617,58.2064536503011,59.2781798125656,60.0214930014783,54.4611355276132,35.6450714308001,19.0650405058366,2.474159654685,9.23779950291028,1.80507022611882,2.25635862289742,0.993723675379498,10.8436239093541,4.83628842520267,13.1284339982891,3.57678956422984,4.69420178583177,1.54565416550787,8.98342566170782,3.00961212783271,6.06866594730078,1.19267398894934,2.8803794363646,11.5680650235653,3.79338562777028,10.8430686086145,1.83503531564909,5.58890839251266,6.15695663784535,3.37278104485687,5.58446990184196,1.5285688593474,2.41520819003709,12.672741158878,14.0841864162733,2.62436185705176,2.13172050150579,9.40754323065098,7.47566962791553,2.49038542063636,10.5618306968962,4.74085657412706,0.580103998004003,9.65295335189464,3.64861102835728,4.0948818658172,3.69436831661766,2.60139776487286,1.85131976000552,6.30348211301612,0.0,0.0,0.0,0.0,0.0
RVE_vf040_H00_D10_p030_C_L100_s20260816,RVE_vf040_H00_D10_p030_C,RVE_vf040_H00_D10_p030_C_L100_s20260816,6__Hexa_rve_dataset.csv,current,20260816,HEXAGON,H00,0.4,0.400553063332699,0.569446936667301,51,5.0,10.0,100.0,0.25,CIRCLE,C,0.03,0.03,0.03,100,0.97720502380584,1.95441004761168,0.1,0.166483867921104,0.147263602518931,11.4269951059354,1.24615460869819,9.85300997021458,14.6231139571923,0.109053569827024,1.46146962864747,1.20379144281521,0.265766718316629,4.98930649894543,0.823685569113924,-7.78749182922449,-2.64908264806937,-3.63492230968634,3.1875,0.322303921568627,1,4,6.09144829881628,52.0379736328125,0.00900484085083,0.900484085083008,0.243675434081245,0.0513112017777566,1.0,100,0.02,0.0002020202020202,VALID: POST-PEAK FAILURE DROP CAPTURED,VALID,True,95,0.01898989898989899,45,6.113953407459695,51.6217709064564,0.00909090909090909,0.24809680396562164,0.36945415177845686,-0.7998057904654228,1.8144503983534448,True,HEXAGON|vf0.40|p0.03,1,True,True,RVE_vf040_H00_D10_p030_C_L100_s20260816_phase.png,RVE_vf040_H00_D10_p030_C_L100_s20260816_contour.png,transverse_stress_strain_curve_vf040_s20260816.csv,ml_curve_100pt_vf040_s20260816.csv,RVE_vf040_H00_D10_p030_C_L100_s20260816.odb,False,,,,,,,,,,C:\temp\RVE_vf040_H00_D10_p030_C_L100_s20260816_phase.png,C:\temp\RVE_vf040_H00_D10_p030_C_L100_s20260816_contour.png,C:\temp\transverse_stress_strain_curve_vf040_s20260816.csv,C:\temp\ml_curve_100pt_vf040_s20260816.csv,C:\temp\RVE_vf040_H00_D10_p030_C_L100_s20260816.odb,0.0,1.27185288963354,2.49854168790622,3.72774595482627,4.96143095915674,6.19665174562246,7.430418040189,8.66158509731154,9.88957116493441,11.1152398743371,12.3389590636409,13.5619408231566,14.7846254601108,16.0078693606306,17.2315829594432,18.4556760565973,19.6805630069002,20.9056823854162,22.130482126981,23.3551832323159,24.579061174969,25.8018395761745,27.0233125827554,28.2412973529566,29.4574035287937,30.6693108644251,31.8791147724728,33.0850490092107,34.2873267163957,35.486782655991,36.680901669593,37.8709770771678,39.054299065088,40.2328482094486,41.3976338019203,42.5527457651583,43.6958330005737,44.8247432431798,45.9368571002843,47.0315493072446,48.1073634202701,48.6666435031447,50.0789285548738,50.6244578014292,50.7964125339685,51.6217709064564,45.2305009667088,36.6031270240849,20.4401538921984,6.58732621181903,1.03567699902713,2.57810523138829,1.20070868799251,0.56039357381989,0.784917189536069,0.342671172251464,1.06447917008109,1.72497552337634,0.659711254634434,1.81391105350856,1.15381633611529,2.79502512145576,0.283613835202804,1.02041934169717,0.523475375028725,1.31778082650209,0.595504320960158,0.610113869640321,0.676470892814051,2.01080155187753,1.39701331004991,2.12932381883486,0.456173116125229,2.18796216673178,0.129543205843259,1.99181002352552,0.815053349465458,1.20065087138092,0.466795311277571,0.11611929229513,2.22840556013349,2.35177580691673,1.74805046421746,1.20986225197682,0.657818777047135,0.472642788470871,0.477200628110336,0.385296469782598,0.569102276497458,0.0861849516440637,1.70686700507332,1.49571984715563,0.768372254901645,1.54798832652028,2.556408826013,0.0,0.0,0.0,0.0,0.0
RVE_vf040_H00_D10_p050_C_L100_s20260816,RVE_vf040_H00_D10_p050_C,RVE_vf040_H00_D10_p050_C_L100_s20260816,6__Hexa_rve_dataset.csv,current,20260816,HEXAGON,H00,0.4,0.400553063332699,0.549446936667301,51,5.0,10.0,100.0,0.25,CIRCLE,C,0.05,0.05,0.05,100,1.26156626101008,2.52313252202016,0.1,0.108153410360435,0.134724423182543,11.4269951059354,1.24615460869819,9.85300997021458,14.6231139571923,0.109053569827024,1.46146962864747,1.20379144281521,0.265766718316629,4.98930649894543,0.823685569113924,-7.78749182922449,-2.64908264806937,-3.63492230968634,3.1875,0.322303921568627,1,4,5.68934519548321,42.531640625,0.00776431620121,0.776431620121002,0.170117418890461,0.037176599240102,1.0,100,0.02,0.0002020202020202,VALID: POST-PEAK FAILURE DROP CAPTURED,VALID,True,95,0.01898989898989899,38,5.712207330016999,42.4950561229327,0.007676767676767677,0.16643011164346597,0.40184122685926693,-0.08601714283693762,-2.1675071671345436,True,HEXAGON|vf0.40|p0.05,1,True,True,RVE_vf040_H00_D10_p050_C_L100_s20260816_phase.png,RVE_vf040_H00_D10_p050_C_L100_s20260816_contour.png,transverse_stress_strain_curve_vf040_s20260816.csv,ml_curve_100pt_vf040_s20260816.csv,RVE_vf040_H00_D10_p050_C_L100_s20260816.odb,False,,,,,,,,,,C:\temp\RVE_vf040_H00_D10_p050_C_L100_s20260816_phase.png,C:\temp\RVE_vf040_H00_D10_p050_C_L100_s20260816_contour.png,C:\temp\transverse_stress_strain_curve_vf040_s20260816.csv,C:\temp\ml_curve_100pt_vf040_s20260816.csv,C:\temp\RVE_vf040_H00_D10_p050_C_L100_s20260816.odb,0.0,1.19074596591996,2.33597132892674,3.48391817881632,4.63659090849808,5.79058694130595,6.94340316550504,8.09351740767507,9.24077570467347,10.385540024548,11.5286565828128,12.6706869809614,13.8127640462946,14.955133943296,16.0981786476011,17.2418296684953,18.3860317571927,19.5306466991125,20.6751580349862,21.8175864844955,22.9569511330395,24.098079219915,25.2338101046028,26.3691011161609,27.5035761704652,28.6324680847305,29.7588659170032,30.8768391254844,31.9918503377442,33.09599471427,34.1926209745209,35.2846413799753,36.3606147057957,37.4364005587239,38.478587810278,39.585393029618,40.557907430494,41.3501002897519,42.4950561229327,41.8488209857458,40.7936892542725,27.5062840366991,18.4477400318244,2.82904075950435,2.35650620020494,1.10344284470286,0.612049210396505,1.27744142106546,1.55330359774449,1.26962627686629,0.977448463836273,0.428136452487172,2.69972984038004,1.64448800791551,0.695079244020792,0.853760500173139,1.04439968548577,0.218765133608627,1.17940932305591,0.479562336812122,2.14021185375972,0.495541678492877,1.05976124605603,1.54341586685655,0.395264004169039,0.421811414514651,0.496643778566447,0.407407948064942,0.743631086684864,0.519036834695784,1.2526455546262,0.786641908868702,0.273329766622225,0.363952605035203,0.134955856817089,0.73671749738743,0.70844060625328,0.653206030218182,0.742688616259772,0.0806914179750459,0.514734393478628,0.352142843835779,0.569853392622792,0.360030014922568,0.910319236159664,0.329794446652859,0.798286094905397,1.11512341002081,0.220841877522235,0.855584458101403,0.213141169921136,1.03077368983097,0.183937266100391,0.862310753316728,0.310903777168443,0.0,0.0,0.0,0.0,0.0
RVE_vf050_H00_D10_p000_N_L100_s20260816,RVE_vf050_H00_D10_p000_N,RVE_vf050_H00_D10_p000_N_L100_s20260816,6__Hexa_rve_dataset.csv,current,20260816,HEXAGON,H00,0.5,0.502654824574367,0.497345175425633,64,5.0,10.0,100.0,0.25,NONE,N,0.0,0.0,0.0,0,0.0,0.0,0.1,0.0,0.0,10.5685396109634,0.635961074300247,9.78053093609185,12.4371536640642,0.0601749246074191,0.782230874455685,0.541038711208657,0.256683885650514,2.51886565206822,0.691661156413876,-6.94623430060675,-2.77033747265571,-3.93841613361551,4.0,0.09375,3,5,7.98444771033601,69.7052001953125,0.009269140958786,0.926914095878601,0.337901254100927,0.0581520190586424,1.0,100,0.02,0.0002020202020202,VALID: POST-PEAK FAILURE DROP CAPTURED,VALID,True,80,0.01595959595959596,46,8.014599729534103,69.4287366692085,0.009292929292929294,0.33950344485814987,0.377634374874304,-0.3966182226424293,0.4741594586518889,True,HEXAGON|vf0.50|p0.00,1,True,True,RVE_vf050_H00_D10_p000_N_L100_s20260816_phase.png,RVE_vf050_H00_D10_p000_N_L100_s20260816_contour.png,transverse_stress_strain_curve_vf050_s20260816.csv,ml_curve_100pt_vf050_s20260816.csv,RVE_vf050_H00_D10_p000_N_L100_s20260816.odb,False,,,,,,,,,,C:\temp\RVE_vf050_H00_D10_p000_N_L100_s20260816_phase.png,C:\temp\RVE_vf050_H00_D10_p000_N_L100_s20260816_contour.png,C:\temp\transverse_stress_strain_curve_vf050_s20260816.csv,C:\temp\ml_curve_100pt_vf050_s20260816.csv,C:\temp\RVE_vf050_H00_D10_p000_N_L100_s20260816.odb,0.0,1.66982713986316,3.28230689212503,4.89158010146018,6.50519127133722,8.12266641268921,9.74127198237991,11.3590592570651,12.9743600702282,14.5867566653519,16.1960985821762,17.8029617210523,19.4078308429748,21.0117696979887,22.614873457472,24.2177091482722,25.8209897619233,27.4247806467299,29.0289125771035,30.6335004971072,32.2379612664739,33.8422624072474,35.4461364440112,37.0491204793887,38.6495159546882,40.2480222562284,41.8426680261805,43.4351759356028,45.0208204288236,46.5939427803418,48.1600172672166,49.7038800753099,51.2447106789362,52.7585168971602,54.260753979401,55.7405225779991,57.1912366939817,58.6175077593349,60.0167844413649,61.3927769679849,62.7240754106203,64.0248780341292,65.286052924563,66.5110176545997,67.6975539222412,68.8393257241078,69.4287366692085,58.3561695854185,32.3711857974773,15.1678239210609,8.37167471620368,16.8190810812549,9.92974457135029,7.20709331655163,7.67732500789711,5.14311200109607,2.4141139412244,2.14084422876413,13.4645131446508,10.4274953672286,7.1096302726104,10.1156243621121,2.95809619161527,10.5371289702559,4.83458730882127,7.96981021518445,6.74666688783209,7.88481861872506,8.45454946093385,3.52501897342987,10.6944752236013,12.1420460219666,8.58147990581828,8.84193543787746,3.66475681258635,6.89534803215773,5.59546154197876,11.1344894235677,3.89640799460291,6.59002390847716,0.0,0.0,0.0,0.0,0.0,0.0,0.0,0.0,0.0,0.0,0.0,0.0,0.0,0.0,0.0,0.0,0.0,0.0,0.0,0.0
RVE_vf050_H00_D10_p010_C_L100_s20260816,RVE_vf050_H00_D10_p010_C,RVE_vf050_H00_D10_p010_C_L100_s20260816,6__Hexa_rve_dataset.csv,current,20260816,HEXAGON,H00,0.5,0.502654824574367,0.487345175425633,64,5.0,10.0,100.0,0.25,CIRCLE,C,0.01,0.01,0.01,100,0.564189583547756,1.12837916709551,0.1,0.127664081607553,0.130855778125952,10.5685396109634,0.635961074300247,9.78053093609185,12.4371536640642,0.0601749246074191,0.782230874455685,0.541038711208657,0.256683885650514,2.51886565206822,0.691661156413876,-6.94623430060675,-2.77033747265571,-3.93841613361551,4.0,0.09375,3,5,7.6970536470018,61.5124609375,0.0085248291492462,0.852482914924622,0.275631343926992,0.062539657206697,1.0,100,0.02,0.0002020202020202,VALID: POST-PEAK FAILURE DROP CAPTURED,VALID,True,80,0.01595959595959596,42,7.72661274015243,61.490421783685,0.008484848484848484,0.2731651945191621,0.38403127360485834,-0.03582876295161411,-0.8947274909645734,True,HEXAGON|vf0.50|p0.01,1,True,True,RVE_vf050_H00_D10_p010_C_L100_s20260816_phase.png,RVE_vf050_H00_D10_p010_C_L100_s20260816_contour.png,transverse_stress_strain_curve_vf050_s20260816.csv,ml_curve_100pt_vf050_s20260816.csv,RVE_vf050_H00_D10_p010_C_L100_s20260816.odb,False,,,,,,,,,,C:\temp\RVE_vf050_H00_D10_p010_C_L100_s20260816_phase.png,C:\temp\RVE_vf050_H00_D10_p010_C_L100_s20260816_contour.png,C:\temp\transverse_stress_strain_curve_vf050_s20260816.csv,C:\temp\ml_curve_100pt_vf050_s20260816.csv,C:\temp\RVE_vf050_H00_D10_p010_C_L100_s20260816.odb,0.0,1.61141343900958,3.16592441803788,4.71705639620307,6.27267734481095,7.83158556949484,9.39196497004391,10.9518449634909,12.5094150341053,14.0643909828618,15.616369110922,17.165922789229,18.7128135673599,20.2581517337852,21.8030257208782,23.3478415298089,24.8924720668051,26.4371865063261,27.9821526879011,29.5263861762282,31.0708728645694,32.613980693057,34.1551575422357,35.6933520116933,37.2259886784842,38.7556193669447,40.2762054322594,41.7929022121802,43.3006786257533,44.7943532839929,46.2740992237494,47.7279384785478,49.1679562977431,50.5803362453614,51.9752649917572,53.3311013157626,54.6355702109544,55.9793963845675,57.2065819074074,58.2933168061727,59.6990772025217,60.614157194993,61.490421783685,58.4133231908439,44.4662957271997,24.3237594437686,13.1758805562012,0.231070611080887,5.72484134885222,0.685323598075617,1.41630039825823,5.44249139448301,3.97555120765589,3.53931624742923,4.92051226987665,4.84843174572294,5.16165867767816,3.43629599594618,1.55548504023505,2.81640427076826,3.02337143193072,0.191875733152844,6.74601074100442,1.53804249539589,8.0768731209643,1.81424679422394,1.46867728544258,1.64427909293925,0.618495263096863,3.31781855562633,5.48035925859962,6.74584161332542,3.51182917674367,2.40486698070331,0.270610934491706,1.53179825106669,2.19591588512991,1.67023351331516,5.94196045452333,3.40680854281012,0.0,0.0,0.0,0.0,0.0,0.0,0.0,0.0,0.0,0.0,0.0,0.0,0.0,0.0,0.0,0.0,0.0,0.0,0.0,0.0
RVE_vf050_H00_D10_p030_C_L100_s20260816,RVE_vf050_H00_D10_p030_C,RVE_vf050_H00_D10_p030_C_L100_s20260816,6__Hexa_rve_dataset.csv,current,20260816,HEXAGON,H00,0.5,0.502654824574367,0.467345175425633,64,5.0,10.0,100.0,0.25,CIRCLE,C,0.03,0.03,0.03,100,0.97720502380584,1.95441004761168,0.1,0.104127047806703,0.141540947796224,10.5685396109634,0.635961074300247,9.78053093609185,12.4371536640642,0.0601749246074191,0.782230874455685,0.541038711208657,0.256683885650514,2.51886565206822,0.691661156413876,-6.94623430060675,-2.77033747265571,-3.93841613361551,4.0,0.09375,3,5,7.1422014174573,46.0055322265625,0.0066575497388839,0.665754973888397,0.157237703353924,0.0324719916842562,1.0,100,0.02,0.0002020202020202,VALID: POST-PEAK FAILURE DROP CAPTURED,VALID,True,80,0.01595959595959596,33,7.1725635964278185,45.7921384113678,0.006666666666666666,0.15763504975192227,0.42510953130369555,-0.4638438137044108,0.25270427481625385,True,HEXAGON|vf0.50|p0.03,1,True,True,RVE_vf050_H00_D10_p030_C_L100_s20260816_phase.png,RVE_vf050_H00_D10_p030_C_L100_s20260816_contour.png,transverse_stress_strain_curve_vf050_s20260816.csv,ml_curve_100pt_vf050_s20260816.csv,RVE_vf050_H00_D10_p030_C_L100_s20260816.odb,False,,,,,,,,,,C:\temp\RVE_vf050_H00_D10_p030_C_L100_s20260816_phase.png,C:\temp\RVE_vf050_H00_D10_p030_C_L100_s20260816_contour.png,C:\temp\transverse_stress_strain_curve_vf050_s20260816.csv,C:\temp\ml_curve_100pt_vf050_s20260816.csv,C:\temp\RVE_vf050_H00_D10_p030_C_L100_s20260816.odb,0.0,1.50025596515494,2.94297943706199,4.38202711334671,5.82491864400405,7.27191892178287,8.72081444057638,10.1691040521904,11.6155783815571,13.0592432220651,14.5002709852877,15.938723523529,17.3753673065425,18.8102814036231,20.2444324034714,21.6781310909942,23.110939964818,24.5430314977959,25.9731644829767,27.4037903455926,28.8311143373768,30.2558229685171,31.6748823331104,33.0840904432807,34.481138437711,35.8613381981678,37.2384890670238,38.5708318299365,39.8628630229746,41.1440903363705,42.549104644643,43.8094806040926,44.9692076607561,45.7921384113678,42.4489206975247,41.033075409963,43.4050979920844,37.2016548379874,31.0381756219262,24.7175202761399,10.8230432004593,0.529373726390617,0.885328380205527,2.07528691919779,0.699311523034888,0.776393935704253,1.06480534273179,1.5881333211874,1.39521469664193,0.320270713185928,0.556438791019477,1.28869761578499,2.17318475258286,0.277601124998307,1.0985671142126,2.26463343281574,0.599502533939414,0.554225051269284,0.454237391829603,0.709999806686174,0.9557590954266,0.696925905320015,0.765201121965607,0.666509351716265,0.572765697186988,0.881239982505872,2.10076800755367,1.76786140666635,0.769928273508559,0.29754338244679,0.93156639480662,0.837297918461879,1.35937542337023,1.05027091127785,2.47156282646382,1.29042857521511,0.970076725497272,0.229644260929882,1.12410966421012,0.632666963308818,0.0,0.0,0.0,0.0,0.0,0.0,0.0,0.0,0.0,0.0,0.0,0.0,0.0,0.0,0.0,0.0,0.0,0.0,0.0,0.0
RVE_vf050_H00_D10_p050_C_L100_s20260816,RVE_vf050_H00_D10_p050_C,RVE_vf050_H00_D10_p050_C_L100_s20260816,6__Hexa_rve_dataset.csv,current,20260816,HEXAGON,H00,0.5,0.502654824574367,0.447345175425633,64,5.0,10.0,100.0,0.25,CIRCLE,C,0.05,0.05,0.05,100,1.26156626101008,2.52313252202016,0.1,0.12082501367643,0.163973173082364,10.5685396109634,0.635961074300247,9.78053093609185,12.4371536640642,0.0601749246074191,0.782230874455685,0.541038711208657,0.256683885650514,2.51886565206822,0.691661156413876,-6.94623430060675,-2.77033747265571,-3.93841613361551,4.0,0.09375,3,5,6.71972804784505,45.3385888671875,0.0074757146835327,0.747571468353271,0.182649548053716,0.0974659743610133,1.0,100,0.02,0.0002020202020202,VALID: POST-PEAK FAILURE DROP CAPTURED,VALID,True,80,0.01595959595959596,37,6.749530016657847,45.3324060757584,0.007474747474747474,0.18270680553790775,0.4434996267796025,-0.013636929563928039,0.03134827586592671,True,HEXAGON|vf0.50|p0.05,1,True,True,RVE_vf050_H00_D10_p050_C_L100_s20260816_phase.png,RVE_vf050_H00_D10_p050_C_L100_s20260816_contour.png,transverse_stress_strain_curve_vf050_s20260816.csv,ml_curve_100pt_vf050_s20260816.csv,RVE_vf050_H00_D10_p050_C_L100_s20260816.odb,False,,,,,,,,,,C:\temp\RVE_vf050_H00_D10_p050_C_L100_s20260816_phase.png,C:\temp\RVE_vf050_H00_D10_p050_C_L100_s20260816_contour.png,C:\temp\transverse_stress_strain_curve_vf050_s20260816.csv,C:\temp\ml_curve_100pt_vf050_s20260816.csv,C:\temp\RVE_vf050_H00_D10_p050_C_L100_s20260816.odb,0.0,1.41289725670499,2.77041916047658,4.1239779672908,5.48193461576072,6.84364469422447,8.20699945820337,9.56990497333599,10.9310678457246,12.2894898525596,13.6452281063283,14.9986414576498,16.3502751227344,17.700557287297,19.050002251657,20.3996266392221,21.7487671605258,23.0923663474204,24.4308268636126,25.7689920924328,27.0995288035698,28.4310851222469,29.7564734409229,31.0748404219476,32.3795046116551,33.3636821771543,34.6783684347003,35.9693335696084,36.4746591955935,38.6625273903275,38.4436428131024,40.4657698219289,41.1298546797314,42.6332821432743,43.4250472140971,44.0942569973396,44.8350083844029,45.3324060757584,40.9397707332178,35.8133669102114,31.7954963558161,20.7488427159012,2.34334277446859,1.79929896680473,2.25158100486291,1.9460980990267,1.92215340314382,0.557332587126516,0.834578501558863,2.06793264375666,1.57979996613236,0.913582160803685,0.829524761884633,1.53690616296055,0.870944975950337,2.00559407104726,0.797551142072531,2.20297869395489,0.400730232333995,4.09377921334487,1.69928104702144,0.860769386479098,2.43747206891529,2.50226984397306,1.00956688990477,1.25862653793007,2.46230768349143,4.03180923189334,1.70117117179176,0.89978903988192,0.500862845595512,0.63603147460723,0.812443718143001,2.91373860904738,0.532002158150836,1.43440059621748,1.36429591100824,2.29941526944357,0.666133648606044,2.08874806485865,0.0,0.0,0.0,0.0,0.0,0.0,0.0,0.0,0.0,0.0,0.0,0.0,0.0,0.0,0.0,0.0,0.0,0.0,0.0,0.0
RVE_vf060_H00_D10_p000_N_L100_s20260816,RVE_vf060_H00_D10_p000_N,RVE_vf060_H00_D10_p000_N_L100_s20260816,6__Hexa_rve_dataset.csv,current,20260816,HEXAGON,H00,0.6,0.596902604182061,0.403097395817939,76,5.0,10.0,100.0,0.25,NONE,N,0.0,0.0,0.0,0,0.0,0.0,0.1,0.0,0.0,10.4036541054357,0.489874082977846,9.78403623845639,12.1256013710393,0.0470867329895077,0.640060686520055,0.30101201992882,0.252427866158724,1.3961541051252,0.470286687291157,-7.22236299628635,-2.8132457857843,-3.96461362873981,4.75,0.276315789473684,3,7,9.32361572357493,78.48556640625,0.0092415583133697,0.924155831336975,0.388779874044388,0.0891219788644005,1.0,100,0.02,0.0002020202020202,VALID: POST-PEAK FAILURE DROP CAPTURED,VALID,True,67,0.013333333333333332,45,9.352205444621323,77.7495984953002,0.00909090909090909,0.3769945065374223,0.3066377025181652,-0.9377111546094278,-3.0313728394335997,True,HEXAGON|vf0.60|p0.00,1,True,True,RVE_vf060_H00_D10_p000_N_L100_s20260816_phase.png,RVE_vf060_H00_D10_p000_N_L100_s20260816_contour.png,transverse_stress_strain_curve_vf060_s20260816.csv,ml_curve_100pt_vf060_s20260816.csv,RVE_vf060_H00_D10_p000_N_L100_s20260816.odb,False,,,,,,,,,,C:\temp\RVE_vf060_H00_D10_p000_N_L100_s20260816_phase.png,C:\temp\RVE_vf060_H00_D10_p000_N_L100_s20260816_contour.png,C:\temp\transverse_stress_strain_curve_vf060_s20260816.csv,C:\temp\ml_curve_100pt_vf060_s20260816.csv,C:\temp\RVE_vf060_H00_D10_p000_N_L100_s20260816.odb,0.0,1.95570594105395,3.845188199792,5.72356803785443,7.60243938206167,9.48539544535536,11.3721162054531,13.2603639986687,15.1488958727705,17.036032202375,18.921232032571,20.8036475031176,22.6835527743387,24.5600920823805,26.434369327838,28.3071529041009,30.1782478854123,32.0484268160041,33.9185813646488,35.7884670250641,37.6586622110227,39.5296779682111,41.3992186834919,43.2688898365346,45.1371102983753,47.0016365979209,48.8634269799638,50.7119560358958,52.5510741356372,54.3706615961344,56.1706863525234,57.9330364828633,59.6658330423163,61.3509708657006,63.0000306654394,64.5938362504025,66.1460306964936,67.6420380311641,69.0958908069146,70.4937989436778,71.840416714724,73.1245188189799,74.3800101850954,75.55440290467,76.6907180075767,77.7495984953002,77.516018431363,60.3452230307332,15.2538048252875,18.4757358793438,7.9947795032893,19.3063661251418,6.34832059814282,10.0550259192217,4.46469042799945,3.66744691550321,13.2050585517724,5.98162498392075,5.80797797473803,17.4351620961353,18.6408774121431,16.5930641035367,16.1152560917879,9.67465460889343,4.47498977282017,18.2032654910991,10.336717368792,0.0,0.0,0.0,0.0,0.0,0.0,0.0,0.0,0.0,0.0,0.0,0.0,0.0,0.0,0.0,0.0,0.0,0.0,0.0,0.0,0.0,0.0,0.0,0.0,0.0,0.0,0.0,0.0,0.0,0.0,0.0,0.0,0.0
RVE_vf060_H00_D10_p010_C_L100_s20260816,RVE_vf060_H00_D10_p010_C,RVE_vf060_H00_D10_p010_C_L100_s20260816,6__Hexa_rve_dataset.csv,current,20260816,HEXAGON,H00,0.6,0.596902604182061,0.393097395817939,76,5.0,10.0,100.0,0.25,CIRCLE,C,0.01,0.01,0.01,100,0.564189583547756,1.12837916709551,0.1,0.107205079087957,0.179550703355135,10.4036541054357,0.489874082977846,9.78403623845639,12.1256013710393,0.0470867329895077,0.640060686520055,0.30101201992882,0.252427866158724,1.3961541051252,0.470286687291157,-7.22236299628635,-2.8132457857843,-3.96461362873981,4.75,0.276315789473684,3,7,9.44165027708442,66.3763916015625,0.007560264468193,0.756026446819305,0.264870011172542,0.0701160721804107,1.0,100,0.02,0.0002020202020202,VALID: POST-PEAK FAILURE DROP CAPTURED,VALID,True,67,0.013333333333333332,37,9.468973173032605,66.0913623995843,0.007474747474747474,0.2592028844783728,0.2893868671931166,-0.4294135235448608,-2.1395878941076125,True,HEXAGON|vf0.60|p0.01,1,True,True,RVE_vf060_H00_D10_p010_C_L100_s20260816_phase.png,RVE_vf060_H00_D10_p010_C_L100_s20260816_contour.png,transverse_stress_strain_curve_vf060_s20260816.csv,ml_curve_100pt_vf060_s20260816.csv,RVE_vf060_H00_D10_p010_C_L100_s20260816.odb,False,,,,,,,,,,C:\temp\RVE_vf060_H00_D10_p010_C_L100_s20260816_phase.png,C:\temp\RVE_vf060_H00_D10_p010_C_L100_s20260816_contour.png,C:\temp\transverse_stress_strain_curve_vf060_s20260816.csv,C:\temp\ml_curve_100pt_vf060_s20260816.csv,C:\temp\RVE_vf060_H00_D10_p010_C_L100_s20260816.odb,0.0,1.97992757888764,3.89340413789734,5.79572717542108,7.69819560748338,9.60448915604404,11.5141855282344,13.4255131610453,15.3368723969895,17.2470298811005,19.1548167907233,21.0598800156914,22.962253226221,24.8613800945475,26.7572023747447,28.6509885919118,30.5432597458925,32.4337245102618,34.3229172482249,36.0341108361621,37.9644037900651,39.7714841791577,41.6751422177231,43.5506276689227,45.3548695854053,47.2374914248846,49.0404359074575,50.8719541643751,52.5955144576888,54.3767331206122,56.0179755530103,57.663533056835,59.2336882931337,60.7419897710988,62.1817587879474,63.5593300228586,64.8957869094933,66.0913623995843,64.7100832681117,51.1652962633469,36.6703226889798,18.80725010791,1.89511262887841,7.25485853464449,0.612438658152137,1.78479242780168,1.35026190702586,4.2368967612605,1.0266609337228,2.41500902587053,0.654226371163778,0.503062150297569,3.32942968203877,8.81987018005018,7.03416145829308,1.70628258708036,6.30594489119077,6.74136512270041,1.18074073416394,4.08269413782756,8.40670662056421,8.32250240616494,3.35411934976376,2.55145174025585,4.46958486333352,7.92093333786086,2.83901069655108,0.0,0.0,0.0,0.0,0.0,0.0,0.0,0.0,0.0,0.0,0.0,0.0,0.0,0.0,0.0,0.0,0.0,0.0,0.0,0.0,0.0,0.0,0.0,0.0,0.0,0.0,0.0,0.0,0.0,0.0,0.0,0.0,0.0
RVE_vf060_H00_D10_p030_C_L100_s20260816,RVE_vf060_H00_D10_p030_C,RVE_vf060_H00_D10_p030_C_L100_s20260816,6__Hexa_rve_dataset.csv,current,20260816,HEXAGON,H00,0.6,0.596902604182061,0.373097395817939,76,5.0,10.0,100.0,0.25,CIRCLE,C,0.03,0.03,0.03,100,0.97720502380584,1.95441004761168,0.1,0.115337498047983,0.149312032473,10.4036541054357,0.489874082977846,9.78403623845639,12.1256013710393,0.0470867329895077,0.640060686520055,0.30101201992882,0.252427866158724,1.3961541051252,0.470286687291157,-7.22236299628635,-2.8132457857843,-3.96461362873981,4.75,0.276315789473684,3,7,8.39377958729871,52.0960009765625,0.0067485308647155,0.674853086471558,0.18799889481306,0.0803182094455538,1.0,100,0.02,0.0002020202020202,VALID: POST-PEAK FAILURE DROP CAPTURED,VALID,True,67,0.013333333333333332,33,8.417164801608305,51.5297658835274,0.006666666666666666,0.1836784751538249,0.2786017200759141,-1.0869070224600168,-2.298109073210876,False,HEXAGON|vf0.60|p0.03,1,True,True,RVE_vf060_H00_D10_p030_C_L100_s20260816_phase.png,RVE_vf060_H00_D10_p030_C_L100_s20260816_contour.png,transverse_stress_strain_curve_vf060_s20260816.csv,ml_curve_100pt_vf060_s20260816.csv,RVE_vf060_H00_D10_p030_C_L100_s20260816.odb,False,,,,,,,,,,C:\temp\RVE_vf060_H00_D10_p030_C_L100_s20260816_phase.png,C:\temp\RVE_vf060_H00_D10_p030_C_L100_s20260816_contour.png,C:\temp\transverse_stress_strain_curve_vf060_s20260816.csv,C:\temp\ml_curve_100pt_vf060_s20260816.csv,C:\temp\RVE_vf060_H00_D10_p030_C_L100_s20260816.odb,0.0,1.76450634381309,3.46730657680506,5.15813532120793,6.84813554119859,8.54160862251985,10.2380460847584,11.9365901379187,13.6359557764586,15.3348904644659,17.0326170114193,18.7285309101808,20.4212600239777,22.1112321947369,23.7974144412158,25.4815451381743,27.1603187574555,28.834042986249,30.5068098084118,32.1718061540952,33.8343511055165,35.4860036283638,37.1299227723326,38.7649385055231,40.3818923549959,41.9843851906128,43.5493724182326,44.9077975767502,46.4297822682776,47.9447724222287,49.0703583066172,50.0342422368838,50.7549979882724,51.5297658835274,48.9231666881959,38.5896092249339,18.9140590037781,9.48549213946147,9.20883959170086,3.89106100152436,0.636527928289382,5.10112618913455,5.37263118273749,0.784008362543235,2.14256514499981,6.89697344796397,1.1061695887309,1.932945487422,0.794561795125308,0.630744475709822,2.75989012382542,0.244789846789674,2.55902093148565,1.28347480575823,2.56372778609578,1.46427552675945,1.15966430712672,2.33076411287187,1.42908947367504,2.75898634501539,0.84721789189657,3.2206201853881,5.11689542942958,1.66519069444108,1.43820107808794,0.345847551069464,2.2760642981968,0.0,0.0,0.0,0.0,0.0,0.0,0.0,0.0,0.0,0.0,0.0,0.0,0.0,0.0,0.0,0.0,0.0,0.0,0.0,0.0,0.0,0.0,0.0,0.0,0.0,0.0,0.0,0.0,0.0,0.0,0.0,0.0,0.0
RVE_vf060_H00_D10_p050_C_L100_s20260816,RVE_vf060_H00_D10_p050_C,RVE_vf060_H00_D10_p050_C_L100_s20260816,6__Hexa_rve_dataset.csv,current,20260816,HEXAGON,H00,0.6,0.596902604182061,0.353097395817939,76,5.0,10.0,100.0,0.25,CIRCLE,C,0.05,0.05,0.05,100,1.26156626101008,2.52313252202016,0.1,0.109198963835549,0.11047758687838,10.4036541054357,0.489874082977846,9.78403623845639,12.1256013710393,0.0470867329895077,0.640060686520055,0.30101201992882,0.252427866158724,1.3961541051252,0.470286687291157,-7.22236299628635,-2.8132457857843,-3.96461362873981,4.75,0.276315789473684,3,7,7.8556783940202,48.1035791015625,0.0066229915618896,0.662299156188965,0.169352308069512,0.0754306468962113,1.0,100,0.02,0.0002020202020202,VALID: POST-PEAK FAILURE DROP CAPTURED,VALID,True,67,0.013333333333333332,33,7.873719881710597,47.7907876305815,0.006666666666666666,0.17135382997444779,0.22966174002401765,-0.6502457339413319,1.1818686900412712,True,HEXAGON|vf0.60|p0.05,1,True,True,RVE_vf060_H00_D10_p050_C_L100_s20260816_phase.png,RVE_vf060_H00_D10_p050_C_L100_s20260816_contour.png,transverse_stress_strain_curve_vf060_s20260816.csv,ml_curve_100pt_vf060_s20260816.csv,RVE_vf060_H00_D10_p050_C_L100_s20260816.odb,False,,,,,,,,,,C:\temp\RVE_vf060_H00_D10_p050_C_L100_s20260816_phase.png,C:\temp\RVE_vf060_H00_D10_p050_C_L100_s20260816_contour.png,C:\temp\transverse_stress_strain_curve_vf060_s20260816.csv,C:\temp\ml_curve_100pt_vf060_s20260816.csv,C:\temp\RVE_vf060_H00_D10_p050_C_L100_s20260816.odb,0.0,1.65167798362301,3.24674332191417,4.82881447109762,6.40974451349602,7.99263667603297,9.5781550365815,11.1662350067657,12.7553674709112,14.3448654893502,15.9336597345893,17.5216025083477,19.1071654537102,20.6905263337011,22.2712298881153,23.8491897366597,25.4244463536528,26.9966423475705,28.5598692182242,30.1141764657789,31.6645795225645,33.2023739594043,34.7385422412107,36.2628397061269,37.7751500916287,39.2585294693136,40.7173413358714,42.1257044962598,43.4733284618003,44.5325798192589,44.4861220427663,46.480882297945,47.1453431039534,47.7907876305815,41.4010550795471,23.9638337840363,17.4418021453423,26.4223631749995,22.8791412336391,12.9963738822385,17.0502435991673,7.02582524910663,6.1329203339228,11.4642430040323,0.488702491703633,3.1172262566969,8.71804744393805,1.8145075367186,12.5287979380183,1.59597748843611,3.67769120837873,1.29477537292101,2.34082196725957,10.0413687536014,2.00896710645674,8.78565063337079,8.03169196051212,9.13622211016559,4.96218846563174,10.4762754151444,5.69799340362115,3.97262677113023,6.25551426619449,3.06951941454306,10.1657392036629,6.78396922051588,2.33852940199391,0.0,0.0,0.0,0.0,0.0,0.0,0.0,0.0,0.0,0.0,0.0,0.0,0.0,0.0,0.0,0.0,0.0,0.0,0.0,0.0,0.0,0.0,0.0,0.0,0.0,0.0,0.0,0.0,0.0,0.0,0.0,0.0,0.0
RVE_vf030_K00_D10_p000_N_L100_s20260816,RVE_vf030_K00_D10_p000_N,RVE_vf030_K00_D10_p000_N_L100_s20260816,4__Kidney_rve_dataset.csv,current,20260816,KIDNEY,K00,0.3,0.29845130209103,0.70154869790897,38,5.0,10.0,100.0,0.25,NONE,N,0.0,0.0,0.0,0,0.0,0.0,0.1,0.0,0.0,11.6269773702945,1.7019011765754,8.52700655231063,15.5632134697881,0.14637520332013,1.83976751184494,1.18042704542971,0.414721061253195,4.6342398052874,0.641617507554511,-6.3632194792491,-2.43268111019857,-3.35784179454035,2.375,0.203947368421053,1,4,5.6897760650464,76.2980615234375,0.0152294135093689,1.52294135093689,0.636993224048313,0.119488259083516,1.0,100,0.02,0.0002020202020202,VALID: POST-PEAK FAILURE DROP CAPTURED,VALID,True,100,0.02,75,5.69709227729624,76.2862432071207,0.015151515151515152,0.6310428293874691,0.12858524072299665,-0.0154896678641841,-0.9341378269343403,True,KIDNEY|vf0.30|p0.00,1,True,True,RVE_vf030_K00_D10_p000_N_L100_s20260816_phase.png,RVE_vf030_K00_D10_p000_N_L100_s20260816_contour.png,transverse_stress_strain_curve_vf030_s20260816.csv,ml_curve_100pt_vf030_s20260816.csv,RVE_vf030_K00_D10_p000_N_L100_s20260816.odb,False,,,,,,,,,,C:\temp\RVE_vf030_K00_D10_p000_N_L100_s20260816_phase.png,C:\temp\RVE_vf030_K00_D10_p000_N_L100_s20260816_contour.png,C:\temp\transverse_stress_strain_curve_vf030_s20260816.csv,C:\temp\ml_curve_100pt_vf030_s20260816.csv,C:\temp\RVE_vf030_K00_D10_p000_N_L100_s20260816.odb,0.0,1.17689683668831,2.3221290542056,3.47318917403022,4.62535928489696,5.77493925965566,6.92082477199988,8.06395559290618,9.20566620542043,10.3470249484356,11.4889565821696,12.6315396297714,13.7749090493542,14.918462421565,16.0619743858788,17.2047468316346,18.3466929794271,19.4874893094301,20.6270031944372,21.7652797818278,22.9024637531911,24.0388529081585,25.174485801666,26.3097345113161,27.444813042653,28.5797441262925,29.7147565074418,30.8497969739814,31.9849282890662,33.1199425529116,34.2548675012715,35.3895429955308,36.523631701337,37.65732447906,38.7902093204487,39.9223524367216,41.0536057848188,42.1840654531417,43.3135460262405,44.4422661845162,45.5702185958506,46.6968798372898,47.8222380724564,48.9452578399455,50.0640095307095,51.1815349920252,52.2929756467603,53.40093820527,54.499851897288,55.5942567436662,56.6780294594098,57.7534777201223,58.8162410128291,59.8603525731905,60.8862667418225,61.8891526065233,62.8661675462502,63.8202430341975,64.7435917570422,65.6478067769284,66.5230330819793,67.3697615783219,68.1925969791681,68.9899135444988,69.7566136897637,70.4944785134445,71.2140245194398,71.9011233651949,72.5619345733683,73.1947851533457,73.8050460443973,74.3841507981915,74.9332644900861,75.453052313378,75.8476449867567,76.2862432071207,75.7578585342383,68.4661353082625,37.6830006924882,6.95367026056146,8.63741911520616,6.10376806495454,2.21070314556893,13.3491138998312,4.27874420817889,2.06738658809905,13.1396216470889,2.89085656070651,10.2716552594567,2.75960716609391,1.83818092380121,10.3904854089362,5.61573294035806,7.56704788306943,5.86456837858944,2.23818602323389,0.564558071289983,2.69097198270343,2.56581410657242,3.80433158689332
RVE_vf030_K00_D10_p010_C_L100_s20260816,RVE_vf030_K00_D10_p010_C,RVE_vf030_K00_D10_p010_C_L100_s20260816,4__Kidney_rve_dataset.csv,current,20260816,KIDNEY,K00,0.3,0.29845130209103,0.69154869790897,38,5.0,10.0,100.0,0.25,CIRCLE,C,0.01,0.01,0.01,100,0.564189583547756,1.12837916709551,0.1,0.114119831381273,0.130855778125952,11.6269773702945,1.7019011765754,8.52700655231063,15.5632134697881,0.14637520332013,1.83976751184494,1.18042704542971,0.414721061253195,4.6342398052874,0.641617507554511,-6.3632194792491,-2.43268111019857,-3.35784179454035,2.375,0.203947368421053,1,4,5.50548272469734,58.9760986328125,0.0110536479949951,1.10536479949951,0.332417783347378,0.0308856924552464,1.0,100,0.02,0.0002020202020202,VALID: POST-PEAK FAILURE DROP CAPTURED,VALID,True,100,0.02,55,5.512729811652143,58.9537609701637,0.011111111111111112,0.3357800921458199,0.13163399682089313,-0.03787578894948112,1.0114707957511038,True,KIDNEY|vf0.30|p0.01,1,True,True,RVE_vf030_K00_D10_p010_C_L100_s20260816_phase.png,RVE_vf030_K00_D10_p010_C_L100_s20260816_contour.png,transverse_stress_strain_curve_vf030_s20260816.csv,ml_curve_100pt_vf030_s20260816.csv,RVE_vf030_K00_D10_p010_C_L100_s20260816.odb,False,,,,,,,,,,C:\temp\RVE_vf030_K00_D10_p010_C_L100_s20260816_phase.png,C:\temp\RVE_vf030_K00_D10_p010_C_L100_s20260816_contour.png,C:\temp\transverse_stress_strain_curve_vf030_s20260816.csv,C:\temp\ml_curve_100pt_vf030_s20260816.csv,C:\temp\RVE_vf030_K00_D10_p010_C_L100_s20260816.odb,0.0,1.13922278422719,2.24726734525362,3.36107653077208,4.47608284177389,5.58829286225664,6.69707636832341,7.80314337100851,8.90772026384893,10.0120926419082,11.1170177034843,12.2226329674087,13.3289515116156,14.4354787041046,15.5419306809304,16.6478495384058,17.7528027850214,18.856625601649,19.9591619944476,21.0605441698988,22.1607844269091,23.2599661386966,24.3589203570963,25.4572205328414,26.5551395234288,27.6533115357552,28.7508671506707,29.8488286694169,30.9459118349401,32.042984298945,33.1390144420098,34.2333869197845,35.3268733023677,36.4179570439056,37.5083845085331,38.5963218957945,39.6829153188599,40.766244368671,41.8476743067933,42.9263809408912,44.0031764608395,45.076573503034,46.14666021014,47.2136375391057,48.2750321613436,49.330347822796,50.380308150292,51.4215696495895,52.4550573826548,53.4790342678875,54.4907498394473,55.4865464871257,56.4689763231814,57.4229266552013,58.3499210014391,58.9537609701637,55.4279641448883,36.115451273925,14.6487444914862,4.29184928620133,15.6868244330081,2.05339374412945,7.64237744241898,3.42506071772651,1.88013019743257,1.99965457579757,4.03069829047904,6.65009053528105,2.11152139464764,12.0806575474609,8.67205463398763,16.0403354968845,6.09912858356804,13.626488698114,4.93548513598857,10.160855522879,2.94646693394984,2.35130461305833,1.17574808004705,1.52121438330659,9.66808534932107,8.35031220834326,10.4481767133123,12.5324351568018,6.95574557723376,6.95145334517845,2.12126342508245,1.67262984322948,3.72177183575315,7.57950310100585,4.95463654420444,11.1336831499643,12.75773274824,3.46070979367961,3.96095445487335,0.34064589457645,2.85436196563768,3.0140327426148,2.11522828020258,5.11818546801021
RVE_vf030_K00_D10_p030_C_L100_s20260816,RVE_vf030_K00_D10_p030_C,RVE_vf030_K00_D10_p030_C_L100_s20260816,4__Kidney_rve_dataset.csv,current,20260816,KIDNEY,K00,0.3,0.29845130209103,0.67154869790897,38,5.0,10.0,100.0,0.25,CIRCLE,C,0.03,0.03,0.03,100,0.97720502380584,1.95441004761168,0.1,0.136954288221233,0.152994586339861,11.6269773702945,1.7019011765754,8.52700655231063,15.5632134697881,0.14637520332013,1.83976751184494,1.18042704542971,0.414721061253195,4.6342398052874,0.641617507554511,-6.3632194792491,-2.43268111019857,-3.35784179454035,2.375,0.203947368421053,1,4,5.15765206328967,46.7470849609375,0.009464361667633,0.946436166763306,0.22748113575568,0.0423404026077578,1.0,100,0.02,0.0002020202020202,VALID: POST-PEAK FAILURE DROP CAPTURED,VALID,True,100,0.02,47,5.164788683427302,46.7457912338493,0.009494949494949495,0.22888999961155013,0.1383695536274706,-0.0027675032342174104,0.6193321706391018,True,KIDNEY|vf0.30|p0.03,1,True,True,RVE_vf030_K00_D10_p030_C_L100_s20260816_phase.png,RVE_vf030_K00_D10_p030_C_L100_s20260816_contour.png,transverse_stress_strain_curve_vf030_s20260816.csv,ml_curve_100pt_vf030_s20260816.csv,RVE_vf030_K00_D10_p030_C_L100_s20260816.odb,False,,,,,,,,,,C:\temp\RVE_vf030_K00_D10_p030_C_L100_s20260816_phase.png,C:\temp\RVE_vf030_K00_D10_p030_C_L100_s20260816_contour.png,C:\temp\transverse_stress_strain_curve_vf030_s20260816.csv,C:\temp\ml_curve_100pt_vf030_s20260816.csv,C:\temp\RVE_vf030_K00_D10_p030_C_L100_s20260816.odb,0.0,1.06844915644955,2.10629349192881,3.14983626462804,4.1944017718241,5.23646786414165,6.27503694640772,7.31098161380801,8.34558434850565,9.38010355357208,10.4150929493526,11.4509659570722,12.4874098647345,13.5242161005429,14.5604504477,15.595828695908,16.6299362096002,17.662670206543,18.694870570712,19.7255915689065,20.7550921568946,21.7845205095011,22.8122309017555,23.8396865988507,24.8662297911162,25.8900027460777,26.9157619515908,27.937911343646,28.9607860358002,29.979793675149,30.9984745544576,32.0118825483444,33.0248528370346,34.0332357728459,35.0379449708947,36.0378923964027,37.0361714391863,38.0255422257979,39.0035315941494,39.7986363255678,40.4647578505257,41.4035676944147,42.427934658984,43.199303822486,44.3479120275322,45.3883132769059,45.8364451719991,46.7457912338493,46.4505812620767,43.9967779530354,32.9025240345185,15.1694576629211,1.19238985352046,1.11828136956815,3.72748728804028,5.90839952129651,3.1810032321679,4.35469101804473,2.07499132410176,5.06436287645704,0.496647131198475,2.52193625956678,4.5405693279424,4.2423231501468,3.89855251938375,3.89115073634106,2.59478378007149,4.05680677318454,1.7251901468049,1.04014316924987,2.1902404204,1.90245342752634,3.12447334495131,4.09463300039844,5.10229752854944,1.52033183537151,2.35524993146942,1.01484844861942,3.94647130718083,0.405664916299357,3.20405850987076,1.37305377099759,5.27859718367377,1.59562191095959,4.17027063146378,2.08571758892788,1.5601005212034,1.22294859491521,1.87402299089076,2.0614635027155,0.817121364168124,3.06219827752834,4.59857332795228,4.48926504191961,2.76597114235064,4.87133382072648,0.496816033435844,3.43229868550388,1.76721377531346,1.22829920682497
RVE_vf030_K00_D10_p050_C_L100_s20260816,RVE_vf030_K00_D10_p050_C,RVE_vf030_K00_D10_p050_C_L100_s20260816,4__Kidney_rve_dataset.csv,current,20260816,KIDNEY,K00,0.3,0.29845130209103,0.65154869790897,38,5.0,10.0,100.0,0.25,CIRCLE,C,0.05,0.05,0.05,100,1.26156626101008,2.52313252202016,0.1,0.112306783393394,0.129427030644989,11.6269773702945,1.7019011765754,8.52700655231063,15.5632134697881,0.14637520332013,1.83976751184494,1.18042704542971,0.414721061253195,4.6342398052874,0.641617507554511,-6.3632194792491,-2.43268111019857,-3.35784179454035,2.375,0.203947368421053,1,4,4.83223748762779,40.224609375,0.0087355309724807,0.873553097248078,0.181577771644467,0.0470847938905723,1.0,100,0.02,0.0002020202020202,VALID: POST-PEAK FAILURE DROP CAPTURED,VALID,True,100,0.02,43,4.839734245229187,39.9061275018597,0.008686868686868687,0.17961253673181382,0.15514050417827457,-0.7917587717787499,-1.0823102931900472,True,KIDNEY|vf0.30|p0.05,1,True,True,RVE_vf030_K00_D10_p050_C_L100_s20260816_phase.png,RVE_vf030_K00_D10_p050_C_L100_s20260816_contour.png,transverse_stress_strain_curve_vf030_s20260816.csv,ml_curve_100pt_vf030_s20260816.csv,RVE_vf030_K00_D10_p050_C_L100_s20260816.odb,False,,,,,,,,,,C:\temp\RVE_vf030_K00_D10_p050_C_L100_s20260816_phase.png,C:\temp\RVE_vf030_K00_D10_p050_C_L100_s20260816_contour.png,C:\temp\transverse_stress_strain_curve_vf030_s20260816.csv,C:\temp\ml_curve_100pt_vf030_s20260816.csv,C:\temp\RVE_vf030_K00_D10_p050_C_L100_s20260816.odb,0.0,1.00212913757215,1.97421990025302,2.95188680170259,3.93081748997027,4.90732689271809,5.88055379248723,6.85120694502373,7.82057339046413,8.78975516976404,9.75941914376454,10.7299339013756,11.7010850898695,12.6725873928539,13.6440470677127,14.6151021095245,15.5854231846596,16.5537519637264,17.5193757536928,18.4835470644344,19.4480819153257,20.4100974240137,21.3718039071084,22.3315070344477,23.289445866324,24.2493794088531,25.2064443257255,26.1619672627698,27.1140409416495,28.0619009353135,29.0066840975368,29.9402240779731,30.7237188294558,31.8336053250158,32.5793164620509,33.4569858925841,34.3985834548143,35.3158353592438,36.1376812986284,36.9541044314668,38.0293274821777,38.6841224036826,39.0513927438182,39.9061275018597,39.8525769710104,36.4178520999526,26.9862341813189,12.302074440214,2.10207711159344,7.40463230684235,5.06210505646875,4.30193682123072,1.98724924189532,7.11698876857776,1.72334896089145,4.14539526443781,2.04520108452697,2.99173572004527,1.82539481607956,1.03203695692655,2.39449889862772,2.54597480087836,3.31580650177242,3.22979023526531,5.74450024275102,2.0549623826787,1.87837590749912,4.35686748315896,1.01116119896461,2.03842479519774,2.25768181430405,3.89246041502754,0.720744537496953,6.45598808625422,3.20185573931565,5.88615063764055,4.27420878604112,1.40783058679895,4.98171475324171,2.75007570852483,1.08535857064624,0.569858047486958,4.05273036950634,2.0257515696084,6.0500723603709,5.89781498441906,5.86130464499602,2.07581752089878,4.66622308103302,1.95102728473841,1.76832082445248,0.983478162256428,0.906166613424583,1.95018733841743,1.27849132636812,3.88871065318501,3.35227581872826,0.241916835877168,1.52526394384613,1.85920301211969
RVE_vf040_K00_D10_p000_N_L100_s20260816,RVE_vf040_K00_D10_p000_N,RVE_vf040_K00_D10_p000_N_L100_s20260816,4__Kidney_rve_dataset.csv,current,20260816,KIDNEY,K00,0.4,0.400553063332699,0.599446936667301,51,5.0,10.0,100.0,0.25,NONE,N,0.0,0.0,0.0,0,0.0,0.0,0.1,0.0,0.0,10.3813327726899,1.80524085773608,7.39794882176384,15.0595895920775,0.173892976678786,1.01035545981712,0.770717049924533,0.254331804927723,3.28833874168673,0.762817721660093,-4.14625360642956,-1.68823657334536,-2.94761998160997,3.1875,0.243872549019608,1,4,6.61166269845404,75.76509765625,0.0131072771549225,1.31072771549225,0.546269487066946,0.125729116131203,1.0,100,0.02,0.0002020202020202,VALID: POST-PEAK FAILURE DROP CAPTURED,VALID,True,95,0.01898989898989899,65,6.632479911225932,75.7574188393155,0.013131313131313131,0.5480670007543177,0.3148559404997973,-0.010135032055709819,0.3290525518866113,True,KIDNEY|vf0.40|p0.00,1,True,True,RVE_vf040_K00_D10_p000_N_L100_s20260816_phase.png,RVE_vf040_K00_D10_p000_N_L100_s20260816_contour.png,transverse_stress_strain_curve_vf040_s20260816.csv,ml_curve_100pt_vf040_s20260816.csv,RVE_vf040_K00_D10_p000_N_L100_s20260816.odb,False,,,,,,,,,,C:\temp\RVE_vf040_K00_D10_p000_N_L100_s20260816_phase.png,C:\temp\RVE_vf040_K00_D10_p000_N_L100_s20260816_contour.png,C:\temp\transverse_stress_strain_curve_vf040_s20260816.csv,C:\temp\ml_curve_100pt_vf040_s20260816.csv,C:\temp\RVE_vf040_K00_D10_p000_N_L100_s20260816.odb,0.0,1.37546686109877,2.70723359102748,4.0417427500046,5.38065797852733,6.72038144708081,8.05853005483921,9.39392849796026,10.7263136617579,12.056276884168,13.3846012537377,14.7122140944715,16.039723147954,17.3674779981427,18.6956719554393,20.0244071797532,21.3537101903481,22.6828015900485,24.011672804488,25.3402710082491,26.6676529500594,27.9941417418784,29.3195465492945,30.6433872542963,31.9663452942214,33.287938324817,34.6085535771153,35.9283879511687,37.2475310242046,38.5662513028849,39.8845253583602,41.2027029428467,42.5201276580059,43.837430519546,45.1536997120375,46.4667485719074,47.7789670037008,49.0842144050382,50.3873998616306,51.6780221684089,52.9563396812187,54.2120185627307,55.4543860302276,56.6714507779469,57.8640255000393,59.0169399873228,60.1429364304875,61.2290738368184,62.2927093095489,63.3218431468621,64.3244525720078,65.2963491244202,66.2370029480439,67.1510240262245,68.033829250961,68.8908570561994,69.7122281441521,70.5047851849877,71.2716813643464,72.0088642284266,72.7259900546733,73.4035855764236,74.0597794378649,74.6898712435049,75.2842637182565,75.7574188393155,69.3913093531601,35.0221919404294,4.27668921259389,4.03292228321678,7.37904006470238,6.24376962532241,1.68220855421943,2.19735903908958,2.00645092527653,4.58208190462607,6.46212700092336,2.06636515639363,2.60101110725825,3.08464686159562,4.48316241393078,4.12841597981952,6.76200583986334,3.38236216742148,3.57687409127145,6.82511904329751,5.54517863093779,1.9219699180841,5.0076625346166,4.57320845193009,1.03966203125317,2.10658385393598,6.6786673415517,6.04114472719978,0.62228101994872,0.0,0.0,0.0,0.0,0.0
RVE_vf040_K00_D10_p010_C_L100_s20260816,RVE_vf040_K00_D10_p010_C,RVE_vf040_K00_D10_p010_C_L100_s20260816,4__Kidney_rve_dataset.csv,current,20260816,KIDNEY,K00,0.4,0.400553063332699,0.589446936667301,51,5.0,10.0,100.0,0.25,CIRCLE,C,0.01,0.01,0.01,100,0.564189583547756,1.12837916709551,0.1,0.117724830106316,0.137443253192806,10.3813327726899,1.80524085773608,7.39794882176384,15.0595895920775,0.173892976678786,1.01035545981712,0.770717049924533,0.254331804927723,3.28833874168673,0.762817721660093,-4.14625360642956,-1.68823657334536,-2.94761998160997,3.1875,0.243872549019608,1,4,6.38119784203038,59.36333984375,0.0097203856706619,0.972038567066193,0.298028152163688,0.0429544227330205,1.0,100,0.02,0.0002020202020202,VALID: POST-PEAK FAILURE DROP CAPTURED,VALID,True,95,0.01898989898989899,48,6.401656612852942,59.2697355456862,0.009696969696969697,0.29663520758064865,0.3206101946535521,-0.15768030961561544,-0.4673869139296243,True,KIDNEY|vf0.40|p0.01,1,True,True,RVE_vf040_K00_D10_p010_C_L100_s20260816_phase.png,RVE_vf040_K00_D10_p010_C_L100_s20260816_contour.png,transverse_stress_strain_curve_vf040_s20260816.csv,ml_curve_100pt_vf040_s20260816.csv,RVE_vf040_K00_D10_p010_C_L100_s20260816.odb,False,,,,,,,,,,C:\temp\RVE_vf040_K00_D10_p010_C_L100_s20260816_phase.png,C:\temp\RVE_vf040_K00_D10_p010_C_L100_s20260816_contour.png,C:\temp\transverse_stress_strain_curve_vf040_s20260816.csv,C:\temp\ml_curve_100pt_vf040_s20260816.csv,C:\temp\RVE_vf040_K00_D10_p010_C_L100_s20260816.odb,0.0,1.32807114690367,2.61345377296511,3.90151850831516,5.19359101492899,6.48689258118349,7.77843582484844,9.06713721473976,10.35295614929,11.6364559793275,12.9184356827099,14.1996075129498,15.4806747034389,16.762078678043,18.0442621141393,19.3267930108143,20.6095519831354,21.8925875147601,23.1752931195003,24.4572960759512,25.7386905583518,27.018819589499,28.2978454522857,29.5757105315909,30.8518595369455,32.1265965480529,33.3987225846494,34.6696140885562,35.9381647430994,37.2042408586664,38.4691094178465,39.731260625513,40.9920660600633,42.250610258693,43.5058317716344,44.7551789041307,46.000457629343,47.2371040272409,48.4661298973292,49.6788669338698,50.8741870931879,52.0470055208766,53.1890610265103,54.2885794763131,54.9489855155706,56.5276937546139,57.3330501640057,58.3688745949844,59.2697355456862,56.7240891109572,34.4196863057781,16.1221973486939,9.7638123139155,21.5547746375324,4.96657816955767,14.3221593050998,7.68181041568896,0.704313674895244,4.83343984743692,8.37120366123145,2.38632372882401,6.64571926765759,13.9607226027062,3.74600712583904,12.6209777731537,1.16488534164895,3.83340464015734,2.74264000693822,4.14158016233736,4.60998618861064,9.52213946680292,5.70068228748348,9.38220001092174,14.3459723049493,0.576907146690824,0.911116422989226,2.77808171061133,9.76740750763341,3.06329121785585,5.8666572155191,11.9586073156255,1.32116407103991,1.13530832662886,3.31720375468212,2.98257172937041,5.96286582086012,8.93187365971331,5.78251829045124,4.62101250291898,3.07489064717474,1.96199080996229,2.53258008387637,4.06414951372569,1.0236911929542,4.95848522212064,0.0,0.0,0.0,0.0,0.0
RVE_vf040_K00_D10_p030_C_L100_s20260816,RVE_vf040_K00_D10_p030_C,RVE_vf040_K00_D10_p030_C_L100_s20260816,4__Kidney_rve_dataset.csv,current,20260816,KIDNEY,K00,0.4,0.400553063332699,0.569446936667301,51,5.0,10.0,100.0,0.25,CIRCLE,C,0.03,0.03,0.03,100,0.97720502380584,1.95441004761168,0.1,0.134762207052728,0.214047008865842,10.3813327726899,1.80524085773608,7.39794882176384,15.0595895920775,0.173892976678786,1.01035545981712,0.770717049924533,0.254331804927723,3.28833874168673,0.762817721660093,-4.14625360642956,-1.68823657334536,-2.94761998160997,3.1875,0.243872549019608,1,4,5.98227808940756,55.410732421875,0.0098991501331329,0.989915013313293,0.287953442513369,0.0643156142931105,1.0,100,0.02,0.0002020202020202,VALID: POST-PEAK FAILURE DROP CAPTURED,VALID,True,95,0.01898989898989899,49,6.003395321878106,55.4101793522712,0.009898989898989899,0.28793888615607854,0.35299650325412224,-0.0009981272212496322,-0.005055107924190928,True,KIDNEY|vf0.40|p0.03,1,True,True,RVE_vf040_K00_D10_p030_C_L100_s20260816_phase.png,RVE_vf040_K00_D10_p030_C_L100_s20260816_contour.png,transverse_stress_strain_curve_vf040_s20260816.csv,ml_curve_100pt_vf040_s20260816.csv,RVE_vf040_K00_D10_p030_C_L100_s20260816.odb,False,,,,,,,,,,C:\temp\RVE_vf040_K00_D10_p030_C_L100_s20260816_phase.png,C:\temp\RVE_vf040_K00_D10_p030_C_L100_s20260816_contour.png,C:\temp\transverse_stress_strain_curve_vf040_s20260816.csv,C:\temp\ml_curve_100pt_vf040_s20260816.csv,C:\temp\RVE_vf040_K00_D10_p030_C_L100_s20260816.odb,0.0,1.24754962145126,2.45258889535144,3.65961933232304,4.87110714343928,6.08375126335792,7.29538181733448,8.50452335814516,9.71095519045829,10.9149429781725,12.1173400893843,13.3187650838131,14.5198648262806,15.7210618170638,16.9229217213422,18.1253926299472,19.3280244802216,20.5307626357406,21.733351253243,22.9354610163574,24.1369914376171,25.3371327556268,26.5366379125614,27.7344376309063,28.9304842535608,30.1244471297452,31.3158496953366,32.5052347475672,33.687785499666,34.8689481811882,36.0440152008413,37.2141505597841,38.3819832923116,39.5416278401692,40.7001422182419,41.8481559000748,42.9891018772606,44.1019864630764,45.1160297018584,46.279071938172,47.2837210932245,48.3165983600009,49.4252779443263,50.361472053933,51.4050410139883,51.7865448749864,53.1391261671937,53.7497428984033,54.7372930014039,55.4101793522712,53.8225855532663,48.9061114233568,32.090508137088,9.09040316596875,16.7093614801355,18.0418592238172,2.38071793495863,19.6140589434336,6.22026674935131,0.454023474044003,12.7151206933016,12.0961604075318,6.56409576624583,19.3507169135526,5.0837085992522,19.7631680559193,12.3771621987841,9.32096600778934,12.4889604180207,0.598217923097858,7.70604295165386,9.06906272270918,5.77021544796489,13.8061192789321,6.51977483590001,13.7376017366074,8.46800725993486,12.9774835383456,3.20715361694047,5.50496157936664,2.68062177965324,4.56490997186478,5.9134875860247,3.79880554402811,4.81243517823137,8.87883401807847,7.43308704464572,2.53600901486728,1.79242839573816,2.60136051043541,3.76134811127077,5.66430511488091,2.91885214502604,7.8715463018255,3.73949113903387,0.0,0.0,0.0,0.0,0.0
RVE_vf040_K00_D10_p050_C_L100_s20260816,RVE_vf040_K00_D10_p050_C,RVE_vf040_K00_D10_p050_C_L100_s20260816,4__Kidney_rve_dataset.csv,current,20260816,KIDNEY,K00,0.4,0.400553063332699,0.549446936667301,51,5.0,10.0,100.0,0.25,CIRCLE,C,0.05,0.05,0.05,100,1.26156626101008,2.52313252202016,0.1,0.103668830741149,0.129427030644989,10.3813327726899,1.80524085773608,7.39794882176384,15.0595895920775,0.173892976678786,1.01035545981712,0.770717049924533,0.254331804927723,3.28833874168673,0.762817721660093,-4.14625360642956,-1.68823657334536,-2.94761998160997,3.1875,0.243872549019608,1,4,5.6377353381954,48.3579248046875,0.0091836392879486,0.918363928794861,0.234073184436456,0.0659972517764469,1.0,100,0.02,0.0002020202020202,VALID: POST-PEAK FAILURE DROP CAPTURED,VALID,True,95,0.01898989898989899,45,5.659376604182086,48.2842561402783,0.00909090909090909,0.22957138484199474,0.3838645251767535,-0.15234041722579575,-1.923244478131738,True,KIDNEY|vf0.40|p0.05,1,True,True,RVE_vf040_K00_D10_p050_C_L100_s20260816_phase.png,RVE_vf040_K00_D10_p050_C_L100_s20260816_contour.png,transverse_stress_strain_curve_vf040_s20260816.csv,ml_curve_100pt_vf040_s20260816.csv,RVE_vf040_K00_D10_p050_C_L100_s20260816.odb,False,,,,,,,,,,C:\temp\RVE_vf040_K00_D10_p050_C_L100_s20260816_phase.png,C:\temp\RVE_vf040_K00_D10_p050_C_L100_s20260816_contour.png,C:\temp\transverse_stress_strain_curve_vf040_s20260816.csv,C:\temp\ml_curve_100pt_vf040_s20260816.csv,C:\temp\RVE_vf040_K00_D10_p050_C_L100_s20260816.odb,0.0,1.17808842775326,2.31335371269759,3.45094836504635,4.59260224281382,5.73600359344689,6.87830360173829,8.01817523148888,9.15526381061642,10.2899853008844,11.4230612460923,12.5553853945913,13.6873573832634,14.8194726801895,15.9521970804684,17.0856582797907,18.2180606241176,19.3512963974761,20.4847159341614,21.6165702030703,22.7495313457164,23.8803473032602,25.0107336836043,26.1384610569013,27.2596772182645,28.3793085498824,29.4936527201634,30.6044573011281,31.7116915750981,32.8166890540607,33.9159129190954,35.0126721926147,36.1007028198763,37.1865444858124,38.254787128914,39.3341738043561,40.3658205827448,41.3712658829489,42.413653843446,43.0842482179756,44.3287174848741,44.9721702277528,46.1708636360703,47.0127763136011,47.8608680398662,48.2842561402783,43.3914824166702,19.3008299174726,4.14483239233791,0.842353302761329,9.46753210666914,7.03751209479876,5.96421163223554,7.06500686741191,5.40649636945215,3.49932916272888,7.53406498283983,5.48403285736511,4.39565396190414,10.816563440475,8.12248524226354,7.14420820640961,15.9368244619816,1.42401013854875,14.0388161263783,6.74323734103081,8.34252755816578,10.8177407700466,3.12372029458159,8.42128190885469,3.1800046698443,4.65020269064857,5.78940691073868,1.51398477926146,7.32230775039105,2.05922064552079,8.48664295525443,2.42991363242831,1.33710293757076,3.54384151038633,7.65572901973976,12.9220893966253,1.73354845305111,15.3807896541984,17.011018512941,5.74620870477397,1.99666501114523,3.5134777536326,5.77946309272716,6.68409508365828,1.74661258932448,3.82168736419251,9.19525187757591,10.7103176082238,2.83079007056454,0.0,0.0,0.0,0.0,0.0
RVE_vf050_K00_D10_p000_N_L100_s20260816,RVE_vf050_K00_D10_p000_N,RVE_vf050_K00_D10_p000_N_L100_s20260816,4__Kidney_rve_dataset.csv,current,20260816,KIDNEY,K00,0.5,0.502654824574367,0.497345175425633,64,5.0,10.0,100.0,0.25,NONE,N,0.0,0.0,0.0,0,0.0,0.0,0.1,0.0,0.0,9.41440673282027,1.36507631446169,7.49954811394333,13.7446500933495,0.144998655061587,0.915888321867133,0.59043957957376,0.256633758315515,2.6512222878017,0.644663290793017,-3.52198469741246,-1.8478522449838,-4.20818102179673,4.0,0.34375,2,6,7.65218896709005,80.2437353515625,0.0130643784999847,1.30643784999847,0.611684543357476,0.197330619002703,1.0,100,0.02,0.0002020202020202,VALID: POST-PEAK FAILURE DROP CAPTURED,VALID,True,80,0.01595959595959596,64,7.682682212184438,80.0613494945978,0.01292929292929293,0.6008081962555535,0.39849048717342506,-0.22728983909539388,-1.7780974229336155,True,KIDNEY|vf0.50|p0.00,1,True,True,RVE_vf050_K00_D10_p000_N_L100_s20260816_phase.png,RVE_vf050_K00_D10_p000_N_L100_s20260816_contour.png,transverse_stress_strain_curve_vf050_s20260816.csv,ml_curve_100pt_vf050_s20260816.csv,RVE_vf050_K00_D10_p000_N_L100_s20260816.odb,False,,,,,,,,,,C:\temp\RVE_vf050_K00_D10_p000_N_L100_s20260816_phase.png,C:\temp\RVE_vf050_K00_D10_p000_N_L100_s20260816_contour.png,C:\temp\transverse_stress_strain_curve_vf050_s20260816.csv,C:\temp\ml_curve_100pt_vf050_s20260816.csv,C:\temp\RVE_vf050_K00_D10_p000_N_L100_s20260816.odb,0.0,1.60306929015548,3.14806791602338,4.69016954613535,6.23708655810058,7.7874032378078,9.33901631564826,10.8897329929241,12.4380473398969,13.9834263322089,15.5259062390339,17.0659338844293,18.6040573439408,20.1408693442839,21.6772012906653,23.2136712097919,24.7503789737555,26.2874914813689,27.8253558388299,29.3635472246766,30.9019218869757,32.4404076566215,33.9783184469655,35.5157932525953,37.0521679681303,38.5873791578446,40.1214283627461,41.653721600933,43.1848002279017,44.7137353641166,46.2409139648058,47.7648153912291,49.2895381729595,50.8098465081386,52.327336315224,53.8340435330541,55.3243498229174,56.804505339436,58.2499817945798,59.668172219385,61.0329276276363,62.3692726546162,63.6400265155205,64.8815024599977,66.0397250847058,67.1714988217966,68.2101772859239,69.2194597802172,70.1590801256623,71.0583565582888,71.9121354146941,72.7050678824475,73.4850428434745,74.2032141213709,74.8992509141532,75.5567932602819,76.1939689083481,76.8034817304329,77.3825196791242,77.9466056936191,78.4542235443465,78.9716450715347,79.4389785525568,79.2013328407049,80.0613494945978,78.8681894388537,44.6761548978395,5.60401123920099,10.7487841576432,7.620645102525,14.7903130587832,16.0674740470824,4.06782292173385,0.436626611203378,8.66187523837853,11.177146845721,8.5386195755022,4.18429444235878,5.71999140418953,0.485165941752783,0.0,0.0,0.0,0.0,0.0,0.0,0.0,0.0,0.0,0.0,0.0,0.0,0.0,0.0,0.0,0.0,0.0,0.0,0.0,0.0
RVE_vf050_K00_D10_p010_C_L100_s20260816,RVE_vf050_K00_D10_p010_C,RVE_vf050_K00_D10_p010_C_L100_s20260816,4__Kidney_rve_dataset.csv,current,20260816,KIDNEY,K00,0.5,0.502654824574367,0.487345175425633,64,5.0,10.0,100.0,0.25,CIRCLE,C,0.01,0.01,0.01,100,0.564189583547756,1.12837916709551,0.1,0.104186673059927,0.130855778125952,9.41440673282027,1.36507631446169,7.49954811394333,13.7446500933495,0.144998655061587,0.915888321867133,0.59043957957376,0.256633758315515,2.6512222878017,0.644663290793017,-3.52198469741246,-1.8478522449838,-4.20818102179673,4.0,0.34375,2,6,7.42588081310846,61.9515380859375,0.0088978731632232,0.889787316322327,0.290207077593347,0.0623993321007282,1.0,100,0.02,0.0002020202020202,VALID: POST-PEAK FAILURE DROP CAPTURED,VALID,True,80,0.01595959595959596,44,7.4562361971981375,61.9171425122185,0.008888888888888889,0.2896651267713365,0.40877822919124956,-0.055520128767893244,-0.1867462456480602,True,KIDNEY|vf0.50|p0.01,1,True,True,RVE_vf050_K00_D10_p010_C_L100_s20260816_phase.png,RVE_vf050_K00_D10_p010_C_L100_s20260816_contour.png,transverse_stress_strain_curve_vf050_s20260816.csv,ml_curve_100pt_vf050_s20260816.csv,RVE_vf050_K00_D10_p010_C_L100_s20260816.odb,False,,,,,,,,,,C:\temp\RVE_vf050_K00_D10_p010_C_L100_s20260816_phase.png,C:\temp\RVE_vf050_K00_D10_p010_C_L100_s20260816_contour.png,C:\temp\transverse_stress_strain_curve_vf050_s20260816.csv,C:\temp\ml_curve_100pt_vf050_s20260816.csv,C:\temp\RVE_vf050_K00_D10_p010_C_L100_s20260816.odb,0.0,1.55757860565931,3.05706148576662,4.55344366325693,6.05434559350549,7.55877575631942,9.06460547354972,10.5698413885113,12.072884480938,13.5731625513288,15.070515562605,16.5652601123227,18.0579279135366,19.5493833446245,21.0403406267636,22.5309619685574,24.0217701086801,25.5131360232398,27.0049033054685,28.4968623827519,29.9895113991742,31.4813052239706,32.9730614028135,34.4631472186819,35.9513637893517,37.4368843960676,38.919627995808,40.3989419872693,41.8733967067931,43.346845535616,44.8124020640851,46.2758729413197,47.7307982248606,49.1716144503311,50.5928102602842,51.995563919022,53.3762104839593,54.742707620987,56.0645740096119,57.3570384428466,58.3658737141763,58.7029731942509,59.9431819737979,61.0053389595423,61.9171425122185,49.9971569918581,22.6072551685349,2.94094854722443,6.36104156126961,1.83459672233047,1.85707758194818,15.1426498575591,7.91057097860414,9.34526051636476,2.21881834732545,11.3584245086672,8.27647667488305,5.67791915608678,4.26391108800428,2.13692190035489,11.5801088482761,5.70781383209081,7.90946417474508,4.0709149918006,7.10759254497609,3.95789430479271,0.540539800223474,0.886489788575341,7.65174667104834,19.644878076397,9.97401320734529,11.6534977074051,6.19832085866553,4.87267008480082,2.0083583820396,8.34764531701511,15.617315813388,2.63071900140519,12.1529699888684,15.0450847205168,0.0,0.0,0.0,0.0,0.0,0.0,0.0,0.0,0.0,0.0,0.0,0.0,0.0,0.0,0.0,0.0,0.0,0.0,0.0,0.0
RVE_vf050_K00_D10_p030_C_L100_s20260816,RVE_vf050_K00_D10_p030_C,RVE_vf050_K00_D10_p030_C_L100_s20260816,4__Kidney_rve_dataset.csv,current,20260816,KIDNEY,K00,0.5,0.502654824574367,0.467345175425633,64,5.0,10.0,100.0,0.25,CIRCLE,C,0.03,0.03,0.03,100,0.97720502380584,1.95441004761168,0.1,0.12053746514886,0.177764174164518,9.41440673282027,1.36507631446169,7.49954811394333,13.7446500933495,0.144998655061587,0.915888321867133,0.59043957957376,0.256633758315515,2.6512222878017,0.644663290793017,-3.52198469741246,-1.8478522449838,-4.20818102179673,4.0,0.34375,2,6,6.97884246753059,59.6617138671875,0.0091950184106826,0.919501841068268,0.290550591222428,0.0702638305202197,1.0,100,0.02,0.0002020202020202,VALID: POST-PEAK FAILURE DROP CAPTURED,VALID,True,80,0.01595959595959596,45,7.009278218087885,59.4582954576233,0.00909090909090909,0.2843526712031945,0.43611459491884264,-0.3409530105303858,-2.133163795384852,True,KIDNEY|vf0.50|p0.03,1,True,True,RVE_vf050_K00_D10_p030_C_L100_s20260816_phase.png,RVE_vf050_K00_D10_p030_C_L100_s20260816_contour.png,transverse_stress_strain_curve_vf050_s20260816.csv,ml_curve_100pt_vf050_s20260816.csv,RVE_vf050_K00_D10_p030_C_L100_s20260816.odb,False,,,,,,,,,,C:\temp\RVE_vf050_K00_D10_p030_C_L100_s20260816_phase.png,C:\temp\RVE_vf050_K00_D10_p030_C_L100_s20260816_contour.png,C:\temp\transverse_stress_strain_curve_vf050_s20260816.csv,C:\temp\ml_curve_100pt_vf050_s20260816.csv,C:\temp\RVE_vf050_K00_D10_p030_C_L100_s20260816.odb,0.0,1.467768285862,2.87768443265178,4.28362651954551,5.69342949500269,7.1073768482608,8.5231834527467,9.93848161150589,11.351973468472,12.7627370905507,14.1708689388593,15.5764808000068,16.9799244141148,18.3819104153318,19.7832240469571,21.1844072823469,22.5855159216196,23.9872572891872,25.3895678825553,26.7923262267116,28.1956866173628,29.5985937042036,31.0006153892047,32.4015524143719,33.8009707628481,35.1971300902279,36.5894858465079,37.9756113680542,39.3593512048483,40.7347653840356,42.1057976347939,43.4680315256298,44.821120209709,46.1499829717256,47.4611502482551,48.7472249629964,50.0098210669079,51.2461026332253,52.4500760879579,53.621375478324,54.7522527478584,55.8392355647954,56.8775579349097,57.8014382390684,58.7739002168909,59.4582954576233,57.6344475250842,49.7093707908474,24.4432273701529,5.7640522077838,2.30577241770062,12.5640461635421,6.13537642549172,12.011619120199,6.50990797036399,2.9412713181032,9.44623090980233,9.59963891233479,4.84959799286198,1.31750777723927,4.38441897775225,2.28417160963168,4.44887336525395,14.364630160058,2.30061293236208,6.54458390433636,5.63514559162655,5.47397230095601,9.94627502199582,1.50514003142632,6.2369420508656,11.6330598517528,5.81565111755448,4.19787571503668,3.21516972856084,6.49708841637792,9.32747100593227,7.31013436231953,2.06140766287648,2.68369518504555,0.0,0.0,0.0,0.0,0.0,0.0,0.0,0.0,0.0,0.0,0.0,0.0,0.0,0.0,0.0,0.0,0.0,0.0,0.0,0.0
RVE_vf050_K00_D10_p050_C_L100_s20260816,RVE_vf050_K00_D10_p050_C,RVE_vf050_K00_D10_p050_C_L100_s20260816,4__Kidney_rve_dataset.csv,current,20260816,KIDNEY,K00,0.5,0.502654824574367,0.447345175425633,64,5.0,10.0,100.0,0.25,CIRCLE,C,0.05,0.05,0.05,100,1.26156626101008,2.52313252202016,0.1,0.108312676309422,0.124791006662595,9.41440673282027,1.36507631446169,7.49954811394333,13.7446500933495,0.144998655061587,0.915888321867133,0.59043957957376,0.256633758315515,2.6512222878017,0.644663290793017,-3.52198469741246,-1.8478522449838,-4.20818102179673,4.0,0.34375,2,6,6.61152827106035,48.531396484375,0.0077001625299453,0.770016252994537,0.194398688065105,0.0467187810569499,1.0,100,0.02,0.0002020202020202,VALID: POST-PEAK FAILURE DROP CAPTURED,VALID,True,80,0.01595959595959596,38,6.640738796386343,48.4725103788033,0.007676767676767677,0.19328979648870678,0.44181200062097864,-0.12133610371310989,-0.5704213271371641,True,KIDNEY|vf0.50|p0.05,1,True,True,RVE_vf050_K00_D10_p050_C_L100_s20260816_phase.png,RVE_vf050_K00_D10_p050_C_L100_s20260816_contour.png,transverse_stress_strain_curve_vf050_s20260816.csv,ml_curve_100pt_vf050_s20260816.csv,RVE_vf050_K00_D10_p050_C_L100_s20260816.odb,False,,,,,,,,,,C:\temp\RVE_vf050_K00_D10_p050_C_L100_s20260816_phase.png,C:\temp\RVE_vf050_K00_D10_p050_C_L100_s20260816_contour.png,C:\temp\transverse_stress_strain_curve_vf050_s20260816.csv,C:\temp\ml_curve_100pt_vf050_s20260816.csv,C:\temp\RVE_vf050_K00_D10_p050_C_L100_s20260816.odb,0.0,1.3911180208603,2.72724774540493,4.05885441806039,5.39461955919992,6.7340984536824,8.07524923739418,9.41633595442073,10.7557109101109,12.0926566146843,13.4268190969762,14.7587752342759,16.0888622952476,17.4173416254451,18.7449712260634,20.0725722008057,21.3996146639432,22.7260596162991,24.0522418155845,25.3779835258628,26.7025820024863,28.0273125131374,29.3509863738371,30.6709191040505,31.9908921485685,33.3010935401005,34.6098795710848,35.9086294247429,37.2059240715818,38.4892399421221,39.7603666771927,41.0204213487068,42.2644212822042,43.4808501855753,44.6808397621207,45.7393005857432,46.6886751970961,47.9447714850242,48.4725103788033,35.7475363259439,22.1714526529871,6.79378641025309,5.72665964782302,1.84644517971918,4.7037288861051,1.40798581838005,4.93786359310978,4.90539167719173,5.71872852652039,3.30250714473876,11.1919944237876,6.54339017370183,8.37496299851791,1.38490838176315,6.14727176741424,4.13089239395753,5.78292163291416,7.35558459266677,5.42978639777231,3.39454211646155,8.85260284925341,5.40219157793932,1.53007871147825,2.34482187524988,7.83135010432392,4.09550205812675,6.57692300287079,2.67599239251544,2.70130605497711,1.37334361437022,1.84680937708412,0.388027565412604,1.54858024032196,3.83926750340054,6.29597436288637,3.35311131225109,1.7994145053083,1.17414807030453,4.26033542934183,2.64116850606523,0.0,0.0,0.0,0.0,0.0,0.0,0.0,0.0,0.0,0.0,0.0,0.0,0.0,0.0,0.0,0.0,0.0,0.0,0.0,0.0
RVE_vf060_K00_D10_p000_N_L100_s20260816,RVE_vf060_K00_D10_p000_N,RVE_vf060_K00_D10_p000_N_L100_s20260816,4__Kidney_rve_dataset.csv,current,20260816,KIDNEY,K00,0.6,0.596902604182061,0.403097395817939,76,5.0,10.0,100.0,0.25,NONE,N,0.0,0.0,0.0,0,0.0,0.0,0.1,0.0,0.0,8.37787835942397,1.16455035188213,7.20729798863107,14.1091421462322,0.139003015073878,0.636497075927984,0.312281442123256,0.259829952028542,1.61256745118035,0.490625100936973,-2.14365615599757,-1.19042488847694,-3.94345524542551,4.75,0.276315789473684,3,6,8.84401481000008,84.204033203125,0.0133642435073853,1.33642435073853,0.702853379712817,0.287575161817123,1.0,100,0.02,0.0002020202020202,PROVISIONAL: PEAK CAPTURED BUT MAJOR POST-PEAK DROP NOT REACHED,PROVISIONAL,False,67,0.013333333333333332,66,8.872632751408503,84.1587640700171,0.013333333333333332,0.7002275710729247,0.32358540802151525,-0.05376124086442666,-0.3735926603874713,True,KIDNEY|vf0.60|p0.00,1,True,True,RVE_vf060_K00_D10_p000_N_L100_s20260816_phase.png,RVE_vf060_K00_D10_p000_N_L100_s20260816_contour.png,transverse_stress_strain_curve_vf060_s20260816.csv,ml_curve_100pt_vf060_s20260816.csv,RVE_vf060_K00_D10_p000_N_L100_s20260816.odb,False,,,,,,,,,,C:\temp\RVE_vf060_K00_D10_p000_N_L100_s20260816_phase.png,C:\temp\RVE_vf060_K00_D10_p000_N_L100_s20260816_contour.png,C:\temp\transverse_stress_strain_curve_vf060_s20260816.csv,C:\temp\ml_curve_100pt_vf060_s20260816.csv,C:\temp\RVE_vf060_K00_D10_p000_N_L100_s20260816.odb,0.0,1.85743159285177,3.64992735824634,5.43116417640325,7.21386917252247,9.00014277734807,10.7899172673173,12.5814442127227,14.3732960748487,16.1638098963172,17.9521769668,19.7375357697889,21.5202527444154,23.3005251393715,25.0782947779067,26.8540587307688,28.6288191552766,30.4027935682425,32.1761741891305,33.9500426010273,35.7239350045528,37.4984006111987,39.273495033825,41.0486390308236,42.8246525290913,44.6000582188964,46.3756308564662,48.1497539390028,49.9205508006489,51.689533672966,53.4528334640295,55.2115014805503,56.9561735638627,58.6890426314054,60.4007089015587,62.0781814567944,63.7100207244081,65.2655933997501,66.7388403947007,68.1045964193507,69.3690028637887,70.5332493521592,71.6204117819277,72.607487454468,73.5147578373087,74.3547253598798,75.134645147982,75.8585961516477,76.5239660095063,77.1649794144159,77.7582311124837,78.3331446491907,78.8622332481606,79.3873825477818,79.8740646807696,80.3295964218591,80.795676203086,81.1989851107995,81.6182288061288,81.9976536384172,82.3581472387363,82.696953296506,83.0235282972451,83.3026902133358,83.5921143403887,83.8628252928078,84.1587640700171,0.0,0.0,0.0,0.0,0.0,0.0,0.0,0.0,0.0,0.0,0.0,0.0,0.0,0.0,0.0,0.0,0.0,0.0,0.0,0.0,0.0,0.0,0.0,0.0,0.0,0.0,0.0,0.0,0.0,0.0,0.0,0.0,0.0
RVE_vf060_K00_D10_p010_C_L100_s20260816,RVE_vf060_K00_D10_p010_C,RVE_vf060_K00_D10_p010_C_L100_s20260816,4__Kidney_rve_dataset.csv,current,20260816,KIDNEY,K00,0.6,0.596902604182061,0.393097395817939,76,5.0,10.0,100.0,0.25,CIRCLE,C,0.01,0.01,0.01,100,0.564189583547756,1.12837916709551,0.1,0.117155738959917,0.247382255924487,8.37787835942397,1.16455035188213,7.20729798863107,14.1091421462322,0.139003015073878,0.636497075927984,0.312281442123256,0.259829952028542,1.61256745118035,0.490625100936973,-2.14365615599757,-1.19042488847694,-3.94345524542551,4.75,0.276315789473684,3,6,8.5197934568923,65.649599609375,0.0080534446239471,0.805344462394714,0.274031557453417,0.0431996213477263,1.0,100,0.02,0.0002020202020202,VALID: POST-PEAK FAILURE DROP CAPTURED,VALID,True,67,0.013333333333333332,40,8.546896101561076,65.5352367950162,0.00808080808080808,0.27578835417791453,0.3181138698479945,-0.17420184592027196,0.6410928510655794,True,KIDNEY|vf0.60|p0.01,1,True,True,RVE_vf060_K00_D10_p010_C_L100_s20260816_phase.png,RVE_vf060_K00_D10_p010_C_L100_s20260816_contour.png,transverse_stress_strain_curve_vf060_s20260816.csv,ml_curve_100pt_vf060_s20260816.csv,RVE_vf060_K00_D10_p010_C_L100_s20260816.odb,False,,,,,,,,,,C:\temp\RVE_vf060_K00_D10_p010_C_L100_s20260816_phase.png,C:\temp\RVE_vf060_K00_D10_p010_C_L100_s20260816_contour.png,C:\temp\transverse_stress_strain_curve_vf060_s20260816.csv,C:\temp\ml_curve_100pt_vf060_s20260816.csv,C:\temp\RVE_vf060_K00_D10_p010_C_L100_s20260816.odb,0.0,1.79202206379107,3.51962207306034,5.23557297138886,6.95180316239318,8.67198497341921,10.3955471964738,12.1210417599259,13.8470928548237,15.5720880975057,17.2953707697097,19.0163368243984,20.7344477942047,22.4496276359954,24.1624163855905,25.8736042418512,27.5828247045114,29.2910869254998,30.9989432126314,32.7058240324265,34.4121313500526,36.1177199604189,37.821690005281,39.5242644991796,41.222563177614,42.9188613863969,44.6121932282673,46.3015625182798,47.9858693423243,49.6631450023249,51.3321830766547,52.9862581369077,54.621647759698,56.2352690657877,57.8112720821666,59.3436573254224,60.8129067644008,62.2162796054052,63.5017707955724,64.7262320214133,65.5352367950162,57.1701138148888,39.3842718419784,17.5568991549188,1.61451402706371,3.84454234157819,4.53480869282759,3.20580825829321,1.51907595591326,0.481409865939609,0.593881793179462,3.70045152173862,2.475635739486,1.84145625266886,2.40075613214862,7.99274102715234,3.36429403885914,4.98785568024407,1.83145921772896,4.6621987364621,1.77631314419163,1.04367035599236,2.49272796197992,2.18742253107979,1.70939516969582,3.44444652278816,0.237743872440128,0.0,0.0,0.0,0.0,0.0,0.0,0.0,0.0,0.0,0.0,0.0,0.0,0.0,0.0,0.0,0.0,0.0,0.0,0.0,0.0,0.0,0.0,0.0,0.0,0.0,0.0,0.0,0.0,0.0,0.0,0.0,0.0,0.0
RVE_vf060_K00_D10_p030_C_L100_s20260816,RVE_vf060_K00_D10_p030_C,RVE_vf060_K00_D10_p030_C_L100_s20260816,4__Kidney_rve_dataset.csv,current,20260816,KIDNEY,K00,0.6,0.596902604182061,0.373097395817939,76,5.0,10.0,100.0,0.25,CIRCLE,C,0.03,0.03,0.03,100,0.97720502380584,1.95441004761168,0.1,0.119889178710727,0.121844750489417,8.37787835942397,1.16455035188213,7.20729798863107,14.1091421462322,0.139003015073878,0.636497075927984,0.312281442123256,0.259829952028542,1.61256745118035,0.490625100936973,-2.14365615599757,-1.19042488847694,-3.94345524542551,4.75,0.276315789473684,3,6,7.85855734179056,47.13923828125,0.0062474292516708,0.624742925167084,0.152059423264059,0.0398515451106781,1.0,100,0.02,0.0002020202020202,VALID: POST-PEAK FAILURE DROP CAPTURED,VALID,True,67,0.013333333333333332,31,7.88283852326057,46.9492651585753,0.006262626262626263,0.15277415037491393,0.30897759491920135,-0.4030042266301619,0.4700314492274342,True,KIDNEY|vf0.60|p0.03,1,True,True,RVE_vf060_K00_D10_p030_C_L100_s20260816_phase.png,RVE_vf060_K00_D10_p030_C_L100_s20260816_contour.png,transverse_stress_strain_curve_vf060_s20260816.csv,ml_curve_100pt_vf060_s20260816.csv,RVE_vf060_K00_D10_p030_C_L100_s20260816.odb,False,,,,,,,,,,C:\temp\RVE_vf060_K00_D10_p030_C_L100_s20260816_phase.png,C:\temp\RVE_vf060_K00_D10_p030_C_L100_s20260816_contour.png,C:\temp\transverse_stress_strain_curve_vf060_s20260816.csv,C:\temp\ml_curve_100pt_vf060_s20260816.csv,C:\temp\RVE_vf060_K00_D10_p030_C_L100_s20260816.odb,0.0,1.65340481142265,3.24720957555219,4.8297300193319,6.41285477899447,7.9990031126274,9.58818385588062,11.1795686296582,12.7713571808413,14.3624217596133,15.9508526988396,17.5369485206817,19.1208070161739,20.7021048716902,22.279597330965,23.8555345644449,25.4273749278084,26.9972878298886,28.5632191935771,30.1232825850182,31.6778959923959,33.2246854223376,34.7563181710855,36.2798726813892,37.7797858088835,39.1795289392929,40.6489289402275,42.1130849355897,43.4229082866039,44.903488872705,46.170170463016,46.9492651585753,41.9432664592424,39.4017162167021,31.4331488287296,28.1809166835919,23.7197362686192,18.1897747275961,16.5007160278477,18.9622801522141,6.03417812758598,4.47742013582523,6.18796224813221,3.15909520180675,1.69080857110478,5.5440245970471,3.26161635034753,1.06333561079942,1.70167366018171,7.61676533274484,3.61874687628953,2.33704327564587,1.30299848226806,3.62226680364094,1.2411916969526,1.9326780241658,3.31863469819124,2.67070684592872,1.49357853408393,1.52426460560136,2.29216035601116,1.13607191346224,3.11491717120025,2.16208583635878,4.43257761312046,1.07200950852881,1.17604523638832,0.0,0.0,0.0,0.0,0.0,0.0,0.0,0.0,0.0,0.0,0.0,0.0,0.0,0.0,0.0,0.0,0.0,0.0,0.0,0.0,0.0,0.0,0.0,0.0,0.0,0.0,0.0,0.0,0.0,0.0,0.0,0.0,0.0
RVE_vf060_K00_D10_p050_C_L100_s20260816,RVE_vf060_K00_D10_p050_C,RVE_vf060_K00_D10_p050_C_L100_s20260816,4__Kidney_rve_dataset.csv,current,20260816,KIDNEY,K00,0.6,0.596902604182061,0.353097395817939,76,5.0,10.0,100.0,0.25,CIRCLE,C,0.05,0.05,0.05,100,1.26156626101008,2.52313252202016,0.1,0.116317552759417,0.10908328932825,8.37787835942397,1.16455035188213,7.20729798863107,14.1091421462322,0.139003015073878,0.636497075927984,0.312281442123256,0.259829952028542,1.61256745118035,0.490625100936973,-2.14365615599757,-1.19042488847694,-3.94345524542551,4.75,0.276315789473684,3,6,7.27552757817724,37.95025390625,0.0055018943548202,0.550189435482025,0.109024360222806,0.0519353629270221,1.0,100,0.02,0.0002020202020202,VALID: POST-PEAK FAILURE DROP CAPTURED,VALID,True,67,0.013333333333333332,27,7.294303566962123,37.9430353719708,0.005454545454545455,0.10716052120774132,0.25807047781938414,-0.01902104343499008,-1.7095619834463336,True,KIDNEY|vf0.60|p0.05,1,True,True,RVE_vf060_K00_D10_p050_C_L100_s20260816_phase.png,RVE_vf060_K00_D10_p050_C_L100_s20260816_contour.png,transverse_stress_strain_curve_vf060_s20260816.csv,ml_curve_100pt_vf060_s20260816.csv,RVE_vf060_K00_D10_p050_C_L100_s20260816.odb,False,,,,,,,,,,C:\temp\RVE_vf060_K00_D10_p050_C_L100_s20260816_phase.png,C:\temp\RVE_vf060_K00_D10_p050_C_L100_s20260816_contour.png,C:\temp\transverse_stress_strain_curve_vf060_s20260816.csv,C:\temp\ml_curve_100pt_vf060_s20260816.csv,C:\temp\RVE_vf060_K00_D10_p050_C_L100_s20260816.odb,0.0,1.5280283134236,3.0041719641098,4.46974206260931,5.93457777780266,7.40185602463104,8.87181536591684,10.3436139967291,11.81632638794,13.2876723665173,14.7561640163655,16.2225062991809,17.6852819323003,19.1423289297593,20.596578779497,22.0474008069925,23.4918434699434,24.9291752028604,26.3567123227064,27.7804109279862,29.1839871035778,30.5748768975952,31.9454461483182,33.2829777860128,34.2141634344103,35.8664784336152,36.7389255415329,37.9430353719708,36.2640679099376,32.4353087599269,31.3192440075892,31.4111327993299,29.6042124607131,32.2578617222171,30.3115816814217,22.4342890849608,10.7188208874737,6.757773931674,1.88773266865772,0.943493313306218,0.643162001111724,2.70273525742677,0.328794224909231,0.935149466901057,0.463288878956963,1.11641017755846,1.72079458892195,2.05304486067013,1.23637922748778,0.156523185034521,1.35597767526868,2.4403257138333,1.30115931863796,2.91677081604954,1.71144299597093,1.01839101627663,1.25960198145522,1.94515544265656,1.65780412491194,3.74706840104178,3.22324393198272,2.18124149816724,1.2055196689856,2.02606129086039,3.04360917468539,1.85072685434476,1.60656458551557,0.0,0.0,0.0,0.0,0.0,0.0,0.0,0.0,0.0,0.0,0.0,0.0,0.0,0.0,0.0,0.0,0.0,0.0,0.0,0.0,0.0,0.0,0.0,0.0,0.0,0.0,0.0,0.0,0.0,0.0,0.0,0.0,0.0
RVE_vf030_S_D10_p000_N_L100_s20260816,RVE_vf030_S_D10_p000_N,RVE_vf030_S_D10_p000_N_L100_s20260816,2__Square_rve_dataset.csv,current,20260816,SQUARE,S,0.3,0.29845130209103,0.70154869790897,38,5.0,10.0,100.0,0.25,NONE,N,0.0,0.0,0.0,0,0.0,0.0,0.1,0.0,0.0,11.7565206493922,2.06133855936645,9.4572209657333,18.3537383192743,0.175335766494232,2.07518699085252,1.90151674606677,0.270163361351923,9.46952239584592,0.916311038209426,-5.80060757472176,-2.30764523413162,-4.5425363547437,2.375,0.0986842105263158,2,3,5.96399409611611,73.7998095703125,0.0138039803504944,1.38039803504944,0.5496408829271,0.103575528341785,1.0,100,0.02,0.0002020202020202,VALID: POST-PEAK FAILURE DROP CAPTURED,VALID,True,100,0.02,68,5.9680127198333945,73.6598028297882,0.013737373737373737,0.5447136508010968,0.06738141675729294,-0.18971152004248515,-0.8964457119280045,True,SQUARE|vf0.30|p0.00,1,True,True,RVE_vf030_S_D10_p000_N_L100_s20260816_phase.png,RVE_vf030_S_D10_p000_N_L100_s20260816_contour.png,transverse_stress_strain_curve_vf030_s20260816.csv,ml_curve_100pt_vf030_s20260816.csv,RVE_vf030_S_D10_p000_N_L100_s20260816.odb,True,0.3052825927734375,0.0,2.288913010111081,,0.0,False,,,,C:\temp\RVE_vf030_S_D10_p000_N_L100_s20260816_phase.png,C:\temp\RVE_vf030_S_D10_p000_N_L100_s20260816_contour.png,C:\temp\transverse_stress_strain_curve_vf030_s20260816.csv,C:\temp\ml_curve_100pt_vf030_s20260816.csv,C:\temp\RVE_vf030_S_D10_p000_N_L100_s20260816.odb,0.0,1.23121302677495,2.43227112340227,3.63940709965396,4.84637847533818,6.04970199407779,7.2492628535564,8.44655060646453,9.64295293061663,10.8397327791847,12.0373187726832,13.235697788876,14.4344524959379,15.6330893254587,16.831033372722,18.0280581405938,19.2237102743702,20.4180622419205,21.6110560454831,22.8030005752352,23.9942444409321,25.1847382519479,26.3750383359945,27.5653106624778,28.7553906394953,29.9457140091897,31.1360910582666,32.3263017345026,33.5164832100825,34.706307918974,35.8956874513486,37.0843574641659,38.2723725320806,39.4594994233424,40.6456188632076,41.8309700915372,43.0153322046538,44.1989206796065,45.3816629135811,46.5638112516592,47.7421984988627,48.9030828883281,50.050039658497,51.1937123075331,52.3227155544806,53.4485413405939,54.5511366787883,55.6384573625952,56.6968616449543,57.7567192720082,58.7746520073331,59.80071896956,60.7921484182003,61.7943427613592,62.7499690507843,63.703074322338,64.6277789076013,65.5200998727364,66.4084408648985,67.2260730010861,68.0767994810476,68.8570298457751,69.6269724371808,70.3794809262366,71.082477688505,71.7792624481748,72.4453910236052,73.0676897580753,73.6598028297882,68.9486691356535,52.5019974568453,42.1859771903618,29.8048163464498,9.65446388674671,3.99606114031335,8.14750545323937,14.0534570472033,1.84789616299365,13.9467625816956,13.1239001541207,2.25723955732704,1.57252754202298,15.9291721693765,5.52882701204589,1.77054540425878,8.54212320786799,7.01192413298577,2.91867678745473,5.2300738349166,5.05804078215737,2.0557017410775,5.68920974936699,7.50658501560461,3.26338051606066,3.62501559033158,8.30756329580265,2.22580181062298,3.83686074402294,5.53891909913631,0.725612642115333
RVE_vf030_S_D10_p010_C_L100_s20260816,RVE_vf030_S_D10_p010_C,RVE_vf030_S_D10_p010_C_L100_s20260816,2__Square_rve_dataset.csv,current,20260816,SQUARE,S,0.3,0.29845130209103,0.69154869790897,38,5.0,10.0,100.0,0.25,CIRCLE,C,0.01,0.01,0.01,100,0.564189583547756,1.12837916709551,0.1,0.124702417983557,0.244498401665527,11.7565206493922,2.06133855936645,9.4572209657333,18.3537383192743,0.175335766494232,2.07518699085252,1.90151674606677,0.270163361351923,9.46952239584592,0.916311038209426,-5.80060757472176,-2.30764523413162,-4.5425363547437,2.375,0.0986842105263158,2,3,5.77211747300611,56.9412109375,0.010308780670166,1.0308780670166,0.30282560511472,0.0430610366485524,1.0,100,0.02,0.0002020202020202,VALID: POST-PEAK FAILURE DROP CAPTURED,VALID,True,100,0.02,51,5.77603796413481,56.9208649564927,0.010303030303030303,0.30249699892852033,0.06792119438030968,-0.03573155658673119,-0.10851334254750002,True,SQUARE|vf0.30|p0.01,1,True,True,RVE_vf030_S_D10_p010_C_L100_s20260816_phase.png,RVE_vf030_S_D10_p010_C_L100_s20260816_contour.png,transverse_stress_strain_curve_vf030_s20260816.csv,ml_curve_100pt_vf030_s20260816.csv,RVE_vf030_S_D10_p010_C_L100_s20260816.odb,True,0.3052825927734375,0.01214599609375,2.288913010111081,21.459960937499996,0.0,False,7.0,,,C:\temp\RVE_vf030_S_D10_p010_C_L100_s20260816_phase.png,C:\temp\RVE_vf030_S_D10_p010_C_L100_s20260816_contour.png,C:\temp\transverse_stress_strain_curve_vf030_s20260816.csv,C:\temp\ml_curve_100pt_vf030_s20260816.csv,C:\temp\RVE_vf030_S_D10_p010_C_L100_s20260816.odb,0.0,1.19196329916909,2.35431490537729,3.52268892673585,4.69084781271829,5.85548670013662,7.01631839215675,8.17488060023349,9.33272521081218,10.4910076735332,11.6500469389831,12.8099675668216,13.9702059891435,15.1304204294991,16.2898770408505,17.4483493254591,18.6055114193568,19.7613949565814,20.9161417382915,22.0696551941351,23.2225372064074,24.3749490091089,25.5269088503489,26.6789173271831,27.8307477163029,28.9823050638839,30.1334837243031,31.2838188047818,32.4327645693441,33.5816160090616,34.7282336505395,35.8747337347669,37.0188331666231,38.1616212777177,39.3017747636443,40.4393421248497,41.5746424415092,42.707476637549,43.8367402793457,44.9620878039419,46.0825169485804,47.1889549594251,48.2718835092357,49.3460816495997,50.4027250111741,51.4477876156617,52.4754398462197,53.4888294026242,54.4769672157869,55.4404221569535,56.3427656214611,56.9208649564927,52.3877669008885,39.3655770031911,14.1660062678997,4.7990184831492,16.5118729921307,8.58123796043287,19.0153257251195,9.45299473029525,10.2204323907476,8.65074285815555,5.46581861034985,5.13199871235993,3.07895136702693,2.45290528574267,5.06836090365538,5.65640351005666,5.10076696952772,7.39122125769465,7.10351228599167,7.54638036043605,12.4360891028533,2.06014403813048,13.8075248588363,4.1940541925926,9.01067218215003,10.883637565908,6.84759251086813,8.11910361442008,2.88522098383282,8.66397902288065,5.21903823463597,6.39204626394168,6.94094281108974,3.24176074719038,11.5668441937489,1.94382032736425,9.76492090653355,2.50730162136431,7.86875592307018,3.79670163212435,10.4488182871593,3.21741169752852,12.6042879052105,0.454922955185541,9.46736539532773,5.52586202691813,5.21803519312576,5.53454666133489
RVE_vf030_S_D10_p030_C_L100_s20260816,RVE_vf030_S_D10_p030_C,RVE_vf030_S_D10_p030_C_L100_s20260816,2__Square_rve_dataset.csv,current,20260816,SQUARE,S,0.3,0.29845130209103,0.67154869790897,38,5.0,10.0,100.0,0.25,CIRCLE,C,0.03,0.03,0.03,100,0.97720502380584,1.95441004761168,0.1,0.107912698922074,0.286273508133832,11.7565206493922,2.06133855936645,9.4572209657333,18.3537383192743,0.175335766494232,2.07518699085252,1.90151674606677,0.270163361351923,9.46952239584592,0.916311038209426,-5.80060757472176,-2.30764523413162,-4.5425363547437,2.375,0.0986842105263158,2,3,5.39707073480522,46.3515478515625,0.0089423781633377,0.894237816333771,0.213185572786615,0.0395979029941576,1.0,100,0.02,0.0002020202020202,VALID: POST-PEAK FAILURE DROP CAPTURED,VALID,True,100,0.02,44,5.400751998570238,46.0087347152295,0.008888888888888889,0.2107169569701607,0.06820855137728617,-0.7395937184899067,-1.1579657029255095,True,SQUARE|vf0.30|p0.03,1,True,True,RVE_vf030_S_D10_p030_C_L100_s20260816_phase.png,RVE_vf030_S_D10_p030_C_L100_s20260816_contour.png,transverse_stress_strain_curve_vf030_s20260816.csv,ml_curve_100pt_vf030_s20260816.csv,RVE_vf030_S_D10_p030_C_L100_s20260816.odb,True,0.3052825927734375,0.033756256103515625,2.288913010111081,12.520853678385421,0.0,False,11.0,,,C:\temp\RVE_vf030_S_D10_p030_C_L100_s20260816_phase.png,C:\temp\RVE_vf030_S_D10_p030_C_L100_s20260816_contour.png,C:\temp\transverse_stress_strain_curve_vf030_s20260816.csv,C:\temp\ml_curve_100pt_vf030_s20260816.csv,C:\temp\RVE_vf030_S_D10_p030_C_L100_s20260816.odb,0.0,1.11548896376491,2.20227276941096,3.29487793334775,4.38721324346691,5.47590095998931,6.56102089932389,7.64403503779616,8.72650181018673,9.80946609859541,10.8932886068974,11.9779580358928,13.0629966027435,14.1479037898378,15.232164305173,16.3152945048979,17.3973402850862,18.4781142201184,19.5576956951188,20.6364063300221,21.714049487578,22.790895624256,23.8680431920672,24.9440547621634,26.0196034840021,27.0928123899705,28.1653314371995,29.235964683843,30.3047231348939,31.3701985233297,32.4310012452808,33.4853458283531,34.5396348819496,35.5819657137301,36.6493978487407,37.6422339568621,38.7192935473201,39.7303174870881,40.7730693863425,41.7473144658735,42.7536116921359,43.7160446664604,44.6674616879502,45.1862604256204,46.0087347152295,44.153265966894,40.8201496183672,33.6006617427983,16.8014159031331,4.79981403907709,0.956101315782863,5.87125216726375,4.73756561651286,0.684824054522087,5.3110449549038,6.68830647251429,3.71599081393321,5.07006387140141,2.39228462720361,4.63260938814753,3.53280022186286,0.588541746684636,3.91713563700177,3.17248067369874,3.83221970311382,2.73445179732251,5.69852421050195,3.53305123498437,2.46163294623393,4.23713382815286,1.38617569526016,3.838941351062,1.94992408408034,1.93208393351031,2.50685395567708,5.81108886451016,3.72040225445813,6.46827694542293,5.4857731799389,1.71040077945672,2.0849782592673,0.751620734647994,4.78402199658392,0.932684925619728,6.28375617736432,1.83019272759419,10.1708108805982,1.22251848738425,4.74322201190058,1.47469739725947,1.02875625634393,4.92271828543668,2.44320858617368,4.10633891311628,2.07833180956081,2.87350379406771,0.300865626857143,1.02905197127944,1.56114559521158,5.23846919938677
RVE_vf030_S_D10_p050_C_L100_s20260816,RVE_vf030_S_D10_p050_C,RVE_vf030_S_D10_p050_C_L100_s20260816,2__Square_rve_dataset.csv,current,20260816,SQUARE,S,0.3,0.29845130209103,0.65154869790897,38,5.0,10.0,100.0,0.25,CIRCLE,C,0.05,0.05,0.05,100,1.26156626101008,2.52313252202016,0.1,0.134836516304638,0.14461176462091,11.7565206493922,2.06133855936645,9.4572209657333,18.3537383192743,0.175335766494232,2.07518699085252,1.90151674606677,0.270163361351923,9.46952239584592,0.916311038209426,-5.80060757472176,-2.30764523413162,-4.5425363547437,2.375,0.0986842105263158,2,3,5.04217076442888,38.0566357421875,0.007817525267601,0.781752526760101,0.15227103528804,0.0345194040082933,1.0,100,0.02,0.0002020202020202,VALID: POST-PEAK FAILURE DROP CAPTURED,VALID,True,100,0.02,39,5.045857887180336,37.9925181112547,0.00787878787878788,0.1545969307525976,0.07312570168126713,-0.16847950346206952,1.5274707104721883,True,SQUARE|vf0.30|p0.05,1,True,True,RVE_vf030_S_D10_p050_C_L100_s20260816_phase.png,RVE_vf030_S_D10_p050_C_L100_s20260816_contour.png,transverse_stress_strain_curve_vf030_s20260816.csv,ml_curve_100pt_vf030_s20260816.csv,RVE_vf030_S_D10_p050_C_L100_s20260816.odb,True,0.3052825927734375,0.05499267578125,2.288913010111081,9.985351562499995,0.0,False,14.0,,,C:\temp\RVE_vf030_S_D10_p050_C_L100_s20260816_phase.png,C:\temp\RVE_vf030_S_D10_p050_C_L100_s20260816_contour.png,C:\temp\transverse_stress_strain_curve_vf030_s20260816.csv,C:\temp\ml_curve_100pt_vf030_s20260816.csv,C:\temp\RVE_vf030_S_D10_p050_C_L100_s20260816.odb,0.0,1.04353656495604,2.05855830260603,3.07949870125729,4.1001045629288,5.11710741662512,6.13064648308178,7.14212521474975,8.15321627003622,9.16484057458998,10.1774841983307,11.1908709304432,12.204710316824,13.2183449103653,14.2314387822653,15.2434783211231,16.2535510285017,17.2631152509696,18.2707453850168,19.275887359956,20.2805148449507,21.2844448432362,22.2859796170163,23.2882940952967,24.2870970869755,25.2858536952033,26.2821339475922,27.277392043556,28.2666909118486,29.2525866789883,30.2301590108751,31.1745934077882,32.1815041650356,32.9506478813436,34.0237415197765,34.8101372166699,35.9007401831727,36.1917995341854,37.684976911593,37.9925181112547,37.1074992331824,34.7402046938273,28.2842623673291,16.2729529690293,11.0685010279713,5.5543172660628,10.5616868120199,4.08807468292984,9.1444482489521,1.43754159818244,6.81119525893662,2.2690313556437,1.96341248135702,7.90087329786587,3.62459536314129,5.11934762761673,4.59960255504553,5.43501068248597,8.85672877800988,3.10628857796967,9.39941661053236,1.86633588611522,4.99361733970879,3.04182984477861,5.38911329158943,3.8324076653631,2.60755459946006,2.09821902229246,2.3531117796983,3.78201069977676,7.53127346344806,10.2213842385853,5.83343907215806,5.59966214516165,6.58761866760346,3.70082969474761,1.17831167223248,1.49094292648639,1.4051565889736,1.46401125370841,8.61756439901699,2.18087245637704,4.64758589722806,0.586523453923528,3.52424867115571,2.70425603756559,1.20422336554277,4.54981588590339,2.17035530353235,1.36381457792862,0.69161453051662,1.4523931190398,4.74975316903443,2.36147086297738,5.80772789161269,5.95041882242182,0.571212730655381,2.85200382497731,0.957164864389469,1.92192150648713
RVE_vf040_S_D10_p000_N_L100_s20260816,RVE_vf040_S_D10_p000_N,RVE_vf040_S_D10_p000_N_L100_s20260816,2__Square_rve_dataset.csv,current,20260816,SQUARE,S,0.4,0.400553063332699,0.599446936667301,51,5.0,10.0,100.0,0.25,NONE,N,0.0,0.0,0.0,0,0.0,0.0,0.1,0.0,0.0,11.0753170852087,1.34951087443462,9.35185649048072,14.277751086041,0.121848509081236,1.46689303171411,1.06048411988765,0.309730555896012,4.86640261303483,0.722945775158837,-6.50171741930829,-2.29993463379588,-3.49603595261838,3.1875,0.126225490196078,2,4,6.9669158818093,82.35919921875,0.0162785744667053,1.62785744667053,0.82713944646534,0.273801783738434,1.0,100,0.02,0.0002020202020202,VALID: POST-PEAK FAILURE DROP CAPTURED,VALID,True,95,0.01898989898989899,80,6.987209372106869,82.2585425820717,0.01616161616161616,0.8174922508159601,0.29128369915524577,-0.12221662866216093,-1.1663324353113331,True,SQUARE|vf0.40|p0.00,1,True,True,RVE_vf040_S_D10_p000_N_L100_s20260816_phase.png,RVE_vf040_S_D10_p000_N_L100_s20260816_contour.png,transverse_stress_strain_curve_vf040_s20260816.csv,ml_curve_100pt_vf040_s20260816.csv,RVE_vf040_S_D10_p000_N_L100_s20260816.odb,True,0.410400390625,0.0,2.458432650687731,,0.0,False,,,,C:\temp\RVE_vf040_S_D10_p000_N_L100_s20260816_phase.png,C:\temp\RVE_vf040_S_D10_p000_N_L100_s20260816_contour.png,C:\temp\transverse_stress_strain_curve_vf040_s20260816.csv,C:\temp\ml_curve_100pt_vf040_s20260816.csv,C:\temp\RVE_vf040_S_D10_p000_N_L100_s20260816.odb,0.0,1.44750528809163,2.85042954961634,4.25707179450585,5.66798694805753,7.0795590724228,8.48898800994546,9.89501548246286,11.297944814478,12.698517089845,14.0977383380292,15.4963903195548,16.8952113402717,18.2944215261139,19.6943995535232,21.094910919972,22.4955878885117,23.8960573548502,25.2961243894464,26.6954316120697,28.0934592265336,29.4903138257199,30.8858422911658,32.2799370714309,33.6728929597964,35.0645895362431,36.4555517354658,37.8457179656622,39.2353090769173,40.6248654824726,42.0139892465932,43.4032954611666,44.7923884161278,46.1817636964888,47.5709607264244,48.9595231970362,50.335487692314,51.7120321648747,53.0763645364578,54.4334487385266,55.7607042043928,57.0896000477552,58.3583362045766,59.6085934817004,60.8119908013275,61.9937125780426,63.136272939743,64.257722869524,65.3388875118601,66.3817267839874,67.3989941846254,68.3605623729214,69.306438408909,70.193317764322,71.0537374131618,71.8486685366498,72.6123510961572,73.3674770888857,74.0256050426415,74.698386763492,75.3248548093151,75.8858208655915,76.4685056575358,76.96937357858,77.4530535720912,77.9280199750319,78.3535528027358,78.7568536599191,79.1277377906484,79.4852031293722,79.8164980119574,80.1343316133944,80.4242030127504,80.7046254522036,80.9765696084308,81.2121364519196,81.4477577997623,81.6735608297336,81.8788674539831,82.0657337391497,82.2585425820717,79.6935242347909,38.0130609940255,9.63219558822384,6.62556290367674,20.9779834570396,18.3116665012161,16.040671778998,1.36298759454149,2.25771394125186,13.5002889837845,5.93829481220218,0.878249609564882,4.50080799409954,7.22762768837561,0.0,0.0,0.0,0.0,0.0
RVE_vf040_S_D10_p010_C_L100_s20260816,RVE_vf040_S_D10_p010_C,RVE_vf040_S_D10_p010_C_L100_s20260816,2__Square_rve_dataset.csv,current,20260816,SQUARE,S,0.4,0.400553063332699,0.589446936667301,51,5.0,10.0,100.0,0.25,CIRCLE,C,0.01,0.01,0.01,100,0.564189583547756,1.12837916709551,0.1,0.182102913882361,0.137443253192806,11.0753170852087,1.34951087443462,9.35185649048072,14.277751086041,0.121848509081236,1.46689303171411,1.06048411988765,0.309730555896012,4.86640261303483,0.722945775158837,-6.50171741930829,-2.29993463379588,-3.49603595261838,3.1875,0.126225490196078,2,4,6.72331886884525,61.050068359375,0.0096307963132858,0.963079631328583,0.30775692921064,0.0571551188122813,1.0,100,0.02,0.0002020202020202,VALID: POST-PEAK FAILURE DROP CAPTURED,VALID,True,95,0.01898989898989899,47,6.743293724418252,60.3343205573483,0.009494949494949495,0.29942831852124824,0.29709814397711143,-1.1723947593529367,-2.7062301117812937,False,SQUARE|vf0.40|p0.01,1,True,True,RVE_vf040_S_D10_p010_C_L100_s20260816_phase.png,RVE_vf040_S_D10_p010_C_L100_s20260816_contour.png,transverse_stress_strain_curve_vf040_s20260816.csv,ml_curve_100pt_vf040_s20260816.csv,RVE_vf040_S_D10_p010_C_L100_s20260816.odb,True,0.410400390625,0.01226043701171875,2.458432650687731,22.604370117187496,0.0,False,7.0,,,C:\temp\RVE_vf040_S_D10_p010_C_L100_s20260816_phase.png,C:\temp\RVE_vf040_S_D10_p010_C_L100_s20260816_contour.png,C:\temp\transverse_stress_strain_curve_vf040_s20260816.csv,C:\temp\ml_curve_100pt_vf040_s20260816.csv,C:\temp\RVE_vf040_S_D10_p010_C_L100_s20260816.odb,0.0,1.3976120699768,2.75129636308642,4.10875273659279,5.47060210020242,6.83276548961744,8.19292098551375,9.54983568002137,10.9037022636503,12.2551816495299,13.605359180216,14.9549930800486,16.3049309086585,17.6553897202091,19.0064104156964,20.3578767750709,21.7096093122434,23.0613791614943,24.4124317696366,25.7626425153493,27.1118729783564,28.459463655792,29.8055973900641,31.1497843168438,32.4920921651369,33.8321486026795,35.170575062272,36.5068815145629,37.8414851575071,39.1736176152043,40.503537178385,41.8311348678221,43.156625014609,44.478886008566,45.797950856235,47.1132124838306,48.4222355923304,49.7132018464364,50.9991893068614,52.2593611447739,53.5094268531477,54.7284999674182,55.9329821844607,57.0924590494555,58.1842455576215,58.5432309918135,59.8996268625041,60.3343205573483,59.1574539876435,43.0064948321632,25.2409721090757,16.3157113194377,6.45184586788486,7.40537185706495,1.93868677396406,9.61084210384863,4.06540534994145,3.88888153888736,2.03610098290147,5.90041809287384,2.86775660678383,2.02806924988385,4.28130575205379,3.54763295304105,5.37605641917287,2.42710948872674,7.23561182999482,3.73525787283801,5.68716673019789,0.565043326153855,12.4791971518207,2.65873770773879,5.91279087931307,2.34391410975303,1.64869750480037,1.447259557467,3.28054079020309,6.32437589509965,5.35818710351631,1.18110043529238,10.4360530565176,7.30147935577767,1.11893202131086,4.38750878808532,0.896162234394094,3.69872215908492,4.18487900737606,0.6792664792765,2.3668094922914,5.61112579838395,4.14659614659791,3.2863618316281,3.67418001045803,3.13327829798802,2.33326510618912,0.0,0.0,0.0,0.0,0.0
RVE_vf040_S_D10_p030_C_L100_s20260816,RVE_vf040_S_D10_p030_C,RVE_vf040_S_D10_p030_C_L100_s20260816,2__Square_rve_dataset.csv,current,20260816,SQUARE,S,0.4,0.400553063332699,0.569446936667301,51,5.0,10.0,100.0,0.25,CIRCLE,C,0.03,0.03,0.03,100,0.97720502380584,1.95441004761168,0.1,0.104491009542741,0.136192324687419,11.0753170852087,1.34951087443462,9.35185649048072,14.277751086041,0.121848509081236,1.46689303171411,1.06048411988765,0.309730555896012,4.86640261303483,0.722945775158837,-6.50171741930829,-2.29993463379588,-3.49603595261838,3.1875,0.126225490196078,2,4,6.27148066756497,49.5926025390625,0.0082046568393707,0.820465683937073,0.209029022401835,0.0362011788984598,1.0,100,0.02,0.0002020202020202,VALID: POST-PEAK FAILURE DROP CAPTURED,VALID,True,95,0.01898989898989899,40,6.292411281326924,48.7301095752273,0.00808080808080808,0.20290392794896503,0.33374277736681246,-1.739156486405077,-2.9302602971060883,False,SQUARE|vf0.40|p0.03,1,True,True,RVE_vf040_S_D10_p030_C_L100_s20260816_phase.png,RVE_vf040_S_D10_p030_C_L100_s20260816_contour.png,transverse_stress_strain_curve_vf040_s20260816.csv,ml_curve_100pt_vf040_s20260816.csv,RVE_vf040_S_D10_p030_C_L100_s20260816.odb,True,0.41039276123046875,0.033748626708984375,2.4565279356250693,12.495422363281254,0.0,False,11.0,,,C:\temp\RVE_vf040_S_D10_p030_C_L100_s20260816_phase.png,C:\temp\RVE_vf040_S_D10_p030_C_L100_s20260816_contour.png,C:\temp\transverse_stress_strain_curve_vf040_s20260816.csv,C:\temp\ml_curve_100pt_vf040_s20260816.csv,C:\temp\RVE_vf040_S_D10_p030_C_L100_s20260816.odb,0.0,1.3064330123787,2.5692697311676,3.83515344107031,5.10534531789797,6.37666136484593,7.64616552780171,8.91275475683469,10.1763309002469,11.4375575870505,12.6972406491554,13.9562678050273,15.2152940601567,16.4748897249878,17.7349521440782,18.9955522237804,20.2559245539525,21.5154877089935,22.7756605810664,24.034810447324,25.292706430355,26.5491156932856,27.8025186990493,29.0537421874635,30.2974730806177,31.5360634416128,32.7682712095433,33.9953217607196,35.1587165247629,36.4062472450086,37.6191761339114,38.8554998790062,40.0871692341836,41.3024529249358,42.5054603549294,43.6300643570932,44.8592171805422,45.989453857877,47.0720588080111,48.2069080190385,48.7301095752273,47.0230220058236,43.4611460586349,31.1909459159133,14.7619442428206,0.224223895959135,4.6835705207102,1.17426950159976,3.08819418677627,0.519132736992379,0.920854841509014,2.20476910076763,3.06632860280776,1.65005671036054,2.88158969852269,7.76500075001147,1.36334338932692,8.05464122208548,1.97049062397122,2.89195874848275,4.60345181703794,2.80301973328575,1.29995020673011,0.816396074867534,0.479782171286428,2.12756883214457,4.36319615501591,6.24539549827974,3.41145291018418,3.12357955007272,3.20874094810201,1.19725378770437,1.16142272648556,1.36362174050339,2.40221836086947,4.46011512203821,1.32788509893654,7.06131300726842,4.29736361987956,3.50776317788472,3.44995894856288,1.47239107237615,1.3936500524206,4.87848461426253,3.05381523627852,3.02144206229965,3.01671528404266,0.655695386251157,3.70404292583258,5.20813674379881,2.84364756503544,2.24690413658319,1.36947618619907,3.3930803306422,1.65161683057623,0.0,0.0,0.0,0.0,0.0
RVE_vf040_S_D10_p050_C_L100_s20260816,RVE_vf040_S_D10_p050_C,RVE_vf040_S_D10_p050_C_L100_s20260816,2__Square_rve_dataset.csv,current,20260816,SQUARE,S,0.4,0.400553063332699,0.549446936667301,51,5.0,10.0,100.0,0.25,CIRCLE,C,0.05,0.05,0.05,100,1.26156626101008,2.52313252202016,0.1,0.109040655372133,0.116955105115632,11.0753170852087,1.34951087443462,9.35185649048072,14.277751086041,0.121848509081236,1.46689303171411,1.06048411988765,0.309730555896012,4.86640261303483,0.722945775158837,-6.50171741930829,-2.29993463379588,-3.49603595261838,3.1875,0.126225490196078,2,4,5.81779157127534,41.4782568359375,0.0074152439832687,0.741524398326874,0.158175448958914,0.0385274422243793,1.0,100,0.02,0.0002020202020202,VALID: POST-PEAK FAILURE DROP CAPTURED,VALID,True,95,0.01898989898989899,36,5.838862791059318,40.9375404199559,0.007272727272727273,0.15229386102480658,0.36218588317971545,-1.3036141275665007,-3.7183949676255788,False,SQUARE|vf0.40|p0.05,1,True,True,RVE_vf040_S_D10_p050_C_L100_s20260816_phase.png,RVE_vf040_S_D10_p050_C_L100_s20260816_contour.png,transverse_stress_strain_curve_vf040_s20260816.csv,ml_curve_100pt_vf040_s20260816.csv,RVE_vf040_S_D10_p050_C_L100_s20260816.odb,True,0.410400390625,0.054958343505859375,2.458432650687731,9.916687011718745,0.0,False,14.0,,,C:\temp\RVE_vf040_S_D10_p050_C_L100_s20260816_phase.png,C:\temp\RVE_vf040_S_D10_p050_C_L100_s20260816_contour.png,C:\temp\transverse_stress_strain_curve_vf040_s20260816.csv,C:\temp\ml_curve_100pt_vf040_s20260816.csv,C:\temp\RVE_vf040_S_D10_p050_C_L100_s20260816.odb,0.0,1.21460545179302,2.38546672086238,3.55980381818059,4.73854011993273,5.91825242629359,7.0961756424377,8.27125540580665,9.44329341408682,10.6131418076097,11.7814396928582,12.9492459047094,14.1171565276066,15.2855935339212,16.454700723961,17.6215797603242,18.7884754459189,19.953104379648,21.1157088980437,22.2788884069876,23.4411133141837,24.6000347101235,25.7565704389418,26.9096549353285,28.0582608839635,29.1961396387742,30.3287458819262,31.4488341933449,32.5240520194301,33.6313098336987,34.599433836953,35.8458371058039,36.7039800093545,37.9133976893264,38.8496657273202,39.9923835633595,40.9375404199559,40.4668397946541,37.5348750305865,33.9492077676399,28.3873432127917,22.0329982974049,3.16478604781041,0.50559680774743,1.28948481575036,0.12556427336766,0.623986408925846,1.64344923522601,1.95377982309604,2.0727122161955,0.802463977292285,2.48718909807541,3.15268326156568,2.86009802302482,2.43121681617719,2.46696208756489,0.244671640640092,2.07326762879949,0.852446283593439,1.0909660887221,1.05957089290134,1.64714937879069,1.26903763924724,1.51888143376371,1.08199293105842,2.00599875852969,0.531596687085885,2.17153911689248,0.677251734051577,0.362142013120334,1.04993753382225,0.349074809065636,1.27737301688181,1.91429867498042,0.988993212993402,0.657239811567547,1.14883461546981,1.94530542625113,0.534727674148153,0.64552420589735,0.546548299187463,1.63999535025372,1.29648957624865,1.19600961534523,1.72674983972848,0.427157067239534,0.820792116205968,1.19427675496516,1.52185834242841,1.04272625827256,0.576391755569769,0.961908774910155,1.22417179335873,0.623637097052945,0.892324073978472,0.0,0.0,0.0,0.0,0.0
RVE_vf050_S_D10_p000_N_L100_s20260816,RVE_vf050_S_D10_p000_N,RVE_vf050_S_D10_p000_N_L100_s20260816,2__Square_rve_dataset.csv,current,20260816,SQUARE,S,0.5,0.502654824574367,0.497345175425633,64,5.0,10.0,100.0,0.25,NONE,N,0.0,0.0,0.0,0,0.0,0.0,0.1,0.0,0.0,10.5263932858551,0.929861777856408,9.23657996883821,14.7360084872728,0.0883362185513164,1.03389393534724,0.617508848736441,0.311585202313022,2.48299828924532,0.597265181296422,-5.33529584262356,-2.72529252643323,-4.20818102179673,4.0,0.125,3,6,8.20799270441066,80.86923828125,0.012482978105545,1.2482978105545,0.595319782981111,0.210725299844982,1.0,100,0.02,0.0002020202020202,VALID: POST-PEAK FAILURE DROP CAPTURED,VALID,True,80,0.01595959595959596,61,8.237416471945366,80.6032690108734,0.012323232323232323,0.5823968816045346,0.3584770186125329,-0.328888061801205,-2.1707495275671698,True,SQUARE|vf0.50|p0.00,1,True,True,RVE_vf050_S_D10_p000_N_L100_s20260816_phase.png,RVE_vf050_S_D10_p000_N_L100_s20260816_contour.png,transverse_stress_strain_curve_vf050_s20260816.csv,ml_curve_100pt_vf050_s20260816.csv,RVE_vf050_S_D10_p000_N_L100_s20260816.odb,True,0.514984130859375,0.0,2.452837550191233,,0.0,False,,,,C:\temp\RVE_vf050_S_D10_p000_N_L100_s20260816_phase.png,C:\temp\RVE_vf050_S_D10_p000_N_L100_s20260816_contour.png,C:\temp\transverse_stress_strain_curve_vf050_s20260816.csv,C:\temp\ml_curve_100pt_vf050_s20260816.csv,C:\temp\RVE_vf050_S_D10_p000_N_L100_s20260816.odb,0.0,1.71270636894978,3.36830854940126,5.02347819786503,6.68402213564679,8.34712727896606,10.0102987739147,11.6716427415432,13.3298168608523,14.9849954330462,16.6373378977024,18.2878143187714,19.936779334205,21.5852391460079,23.2338262555316,24.8829093020613,26.5323090525601,28.1821381811122,29.8325899093467,31.4827163254861,33.1326785576535,34.7821598230974,36.4304452225449,38.0778500222503,39.7236353009314,41.3682457839504,43.0112146819879,44.6528048053003,46.2933309926288,47.9321406690285,49.5706465311585,51.2064675640433,52.8375622035431,54.4496755667863,56.0359875674598,57.5989670125329,59.1409900877454,60.6456441575085,62.1147289434888,63.5301364953335,64.8961161505846,66.198203589677,67.4235029113421,68.583212820321,69.6746081046407,70.6846331483196,71.6582618466194,72.5251018986887,73.3446979070293,74.1200736557849,74.8240556039124,75.5126411059471,76.1371242745619,76.758060530392,77.3429208365863,77.8847137599011,78.4063013770126,78.9070710727637,79.3715238192365,79.8167775879335,80.231959383812,80.6032690108734,80.5806069320254,70.3989906945259,46.1104030021593,9.18640569712535,12.09075257082,21.1764398069702,2.47678443856844,0.446614694874855,3.45279292955842,23.2309046821887,13.3091319337024,26.8856362719508,7.50481972332668,8.29948871685453,5.65252064445487,17.4852356730935,13.0875663520327,4.51238979605887,0.0,0.0,0.0,0.0,0.0,0.0,0.0,0.0,0.0,0.0,0.0,0.0,0.0,0.0,0.0,0.0,0.0,0.0,0.0,0.0
RVE_vf050_S_D10_p010_C_L100_s20260816,RVE_vf050_S_D10_p010_C,RVE_vf050_S_D10_p010_C_L100_s20260816,2__Square_rve_dataset.csv,current,20260816,SQUARE,S,0.5,0.502654824574367,0.487345175425633,64,5.0,10.0,100.0,0.25,CIRCLE,C,0.01,0.01,0.01,100,0.564189583547756,1.12837916709551,0.1,0.112014778805652,0.137443253192806,10.5263932858551,0.929861777856408,9.23657996883821,14.7360084872728,0.0883362185513164,1.03389393534724,0.617508848736441,0.311585202313022,2.48299828924532,0.597265181296422,-5.33529584262356,-2.72529252643323,-4.20818102179673,4.0,0.125,3,6,8.36630141431075,62.2541259765625,0.0079250210523605,0.792502105236053,0.259744882790663,0.0610678528767111,1.0,100,0.02,0.0002020202020202,VALID: POST-PEAK FAILURE DROP CAPTURED,VALID,True,80,0.01595959595959596,39,8.396157302880807,62.2536640369706,0.00787878787878788,0.2568572748379158,0.35685886859142757,-0.0007420224517724086,-1.111709274778819,True,SQUARE|vf0.50|p0.01,1,True,True,RVE_vf050_S_D10_p010_C_L100_s20260816_phase.png,RVE_vf050_S_D10_p010_C_L100_s20260816_contour.png,transverse_stress_strain_curve_vf050_s20260816.csv,ml_curve_100pt_vf050_s20260816.csv,RVE_vf050_S_D10_p010_C_L100_s20260816.odb,True,0.514984130859375,0.0122222900390625,2.452837550191233,22.222900390624996,0.0,False,7.0,,,C:\temp\RVE_vf050_S_D10_p010_C_L100_s20260816_phase.png,C:\temp\RVE_vf050_S_D10_p010_C_L100_s20260816_contour.png,C:\temp\transverse_stress_strain_curve_vf050_s20260816.csv,C:\temp\ml_curve_100pt_vf050_s20260816.csv,C:\temp\RVE_vf050_S_D10_p010_C_L100_s20260816.odb,0.0,1.74576268238295,3.43371084460074,5.12062371312301,6.81289197582788,8.50792157107088,10.2032727829678,11.896827742108,13.5872880728196,15.2744464751121,16.9587081665388,18.6407093042193,20.3210711800038,22.0006284295362,23.6800380754791,25.3598671893657,27.0397501649004,28.7203034548015,30.4010989438012,32.0810339900177,33.7592132221541,35.4357677990451,37.1080098965264,38.7765162773791,40.4418146001963,42.1027222634772,43.7590512368307,45.4100304204043,47.0524398378351,48.6823482871347,50.2865700495451,51.8693801954916,53.4058494914572,54.9259467002236,56.3898902540903,57.8173607342658,59.1742096895887,60.459551900665,61.6740508142106,62.2536640369706,48.4387079728736,16.9064082878645,2.79694642658101,18.7240999108009,1.45045015856139,18.0907781879893,5.97641948064592,15.9496950516859,12.7395899038318,4.16209128311296,11.7322669321327,9.98091523762343,5.37079327291277,14.6254696443167,19.5181981823249,9.30231273292664,19.6193281034345,20.324629469365,4.58386608423322,9.36936456193838,13.6066640118458,11.8343859136074,12.5034612836844,3.65324754165845,11.8881045917889,16.3969062086037,10.5946052424184,2.29350211274857,5.27129536809889,1.97245601792661,1.47851523871251,0.0830358576981984,0.849657315756906,3.86728634684474,15.2554189284611,7.95989286854204,15.9965011383192,20.703635233739,8.41607758748916,7.00188636198166,0.0,0.0,0.0,0.0,0.0,0.0,0.0,0.0,0.0,0.0,0.0,0.0,0.0,0.0,0.0,0.0,0.0,0.0,0.0,0.0
RVE_vf050_S_D10_p030_C_L100_s20260816,RVE_vf050_S_D10_p030_C,RVE_vf050_S_D10_p030_C_L100_s20260816,2__Square_rve_dataset.csv,current,20260816,SQUARE,S,0.5,0.502654824574367,0.467345175425633,64,5.0,10.0,100.0,0.25,CIRCLE,C,0.03,0.03,0.03,100,0.97720502380584,1.95441004761168,0.1,0.125576175475966,0.191455751860436,10.5263932858551,0.929861777856408,9.23657996883821,14.7360084872728,0.0883362185513164,1.03389393534724,0.617508848736441,0.311585202313022,2.48299828924532,0.597265181296422,-5.33529584262356,-2.72529252643323,-4.20818102179673,4.0,0.125,3,6,7.31225086676621,42.7543505859375,0.0059995299577713,0.59995299577713,0.130899912734146,0.0254323185585229,1.0,100,0.02,0.0002020202020202,VALID: POST-PEAK FAILURE DROP CAPTURED,VALID,True,80,0.01595959595959596,29,7.340766158628933,42.0642221435161,0.005858585858585858,0.12496500110889845,0.389965995181093,-1.6141712666977026,-4.533930925760957,False,SQUARE|vf0.50|p0.03,1,True,True,RVE_vf050_S_D10_p030_C_L100_s20260816_phase.png,RVE_vf050_S_D10_p030_C_L100_s20260816_contour.png,transverse_stress_strain_curve_vf050_s20260816.csv,ml_curve_100pt_vf050_s20260816.csv,RVE_vf050_S_D10_p030_C_L100_s20260816.odb,True,0.5149650573730469,0.033863067626953125,2.4490430006523374,12.876892089843754,0.0,False,11.0,,,C:\temp\RVE_vf050_S_D10_p030_C_L100_s20260816_phase.png,C:\temp\RVE_vf050_S_D10_p030_C_L100_s20260816_contour.png,C:\temp\transverse_stress_strain_curve_vf050_s20260816.csv,C:\temp\ml_curve_100pt_vf050_s20260816.csv,C:\temp\RVE_vf050_S_D10_p030_C_L100_s20260816.odb,0.0,1.52912906706788,3.00400209202818,4.47833512523685,5.95806355385313,7.44016664520443,8.92230033322305,10.4023569740598,11.8795871316559,13.3536866541592,14.8252852403853,16.2949684090565,17.7640743388108,19.2327525462399,20.701271017983,22.1694001734262,23.6382934492295,25.1055607249851,26.5748596546161,28.0360456975594,29.4965428386237,30.9435343005833,32.378395236354,33.5796690822667,35.2116081245133,36.4899239696797,38.0130146809177,39.3421066529664,40.7797107026045,42.0642221435161,41.0159123093013,33.6565289783613,12.9512783306141,5.03693607220371,5.34229775715118,1.99667468648663,1.49217860147601,0.0813575319735049,1.56129141722023,2.78285315568008,1.25839612946724,5.97565057305321,2.05011492056517,7.20406278914169,0.55562463510362,9.80796877810723,3.10881663533946,10.8444142854736,5.89139297755857,4.13290681666791,5.00764209312409,0.685069534629209,0.928074976189526,1.23808013255311,5.75834265833561,1.15515580234142,9.73239778021725,3.96354112529063,6.31635076460654,10.4700255917209,3.80912573278431,6.00859896171472,2.33332437222165,4.85721677164098,1.4554366701252,2.67671697352274,3.9446027843586,3.3008145671465,1.14715398400535,2.74443089037025,0.994595432839764,1.30126924375929,0.197064145021154,2.17938526501875,8.05251953639129,6.24142190550877,1.88640028004042,7.47613130311129,3.72292201017385,2.31705914756833,0.0,0.0,0.0,0.0,0.0,0.0,0.0,0.0,0.0,0.0,0.0,0.0,0.0,0.0,0.0,0.0,0.0,0.0,0.0,0.0
RVE_vf050_S_D10_p050_C_L100_s20260816,RVE_vf050_S_D10_p050_C,RVE_vf050_S_D10_p050_C_L100_s20260816,2__Square_rve_dataset.csv,current,20260816,SQUARE,S,0.5,0.502654824574367,0.447345175425633,64,5.0,10.0,100.0,0.25,CIRCLE,C,0.05,0.05,0.05,100,1.26156626101008,2.52313252202016,0.1,0.108452007629331,0.10696643288999,10.5263932858551,0.929861777856408,9.23657996883821,14.7360084872728,0.0883362185513164,1.03389393534724,0.617508848736441,0.311585202313022,2.48299828924532,0.597265181296422,-5.33529584262356,-2.72529252643323,-4.20818102179673,4.0,0.125,3,6,6.94151005816417,40.1068432617188,0.0061445081233978,0.614450812339783,0.129057367161024,0.059676259876548,1.0,100,0.02,0.0002020202020202,VALID: POST-PEAK FAILURE DROP CAPTURED,VALID,True,80,0.01595959595959596,30,6.968488244083836,39.8058103044796,0.006060606060606061,0.12571860542444524,0.38865010197507543,-0.7505775392862472,-2.587036920110896,True,SQUARE|vf0.50|p0.05,1,True,True,RVE_vf050_S_D10_p050_C_L100_s20260816_phase.png,RVE_vf050_S_D10_p050_C_L100_s20260816_contour.png,transverse_stress_strain_curve_vf050_s20260816.csv,ml_curve_100pt_vf050_s20260816.csv,RVE_vf050_S_D10_p050_C_L100_s20260816.odb,True,0.514984130859375,0.05496978759765625,2.452837550191233,9.939575195312495,0.0,False,14.0,,,C:\temp\RVE_vf050_S_D10_p050_C_L100_s20260816_phase.png,C:\temp\RVE_vf050_S_D10_p050_C_L100_s20260816_contour.png,C:\temp\transverse_stress_strain_curve_vf050_s20260816.csv,C:\temp\ml_curve_100pt_vf050_s20260816.csv,C:\temp\RVE_vf050_S_D10_p050_C_L100_s20260816.odb,0.0,1.45194085073581,2.85200453654051,4.25187598481556,5.6558168652607,7.06281518329742,8.46997819739402,9.87522489785593,11.2779374896386,12.6778298784837,14.0753758353865,15.4707830155361,16.8642950732776,18.2573778834853,19.6451725713121,21.0323620951312,22.4132206259837,23.7987922948246,25.1733585785446,26.5330148363307,27.8935168438238,29.2337592924155,30.5644089557748,31.8719689038376,33.1562082599374,34.4109604272439,35.5472207486483,36.8181705811699,37.3651640602808,38.7036369317974,39.8058103044796,37.0854536635966,21.6413361514991,7.20083925716749,6.57305735564848,4.99670382467079,5.72730460046924,6.30627012371984,4.74909691253318,2.35985595947063,1.96655718692316,2.14298333631661,3.23287095831642,7.9338957508233,2.51349263382908,8.06921449717717,1.85973254012851,8.8539135090208,0.881947468073739,5.40620431389137,0.597438618339527,1.51102831479079,0.689631481906002,7.2264889235007,5.23657724650825,7.5144511534518,8.71846560865937,8.74378605155987,10.7876664065712,1.7318469250911,9.86774340808877,5.80201519348658,0.735605543006709,2.46240642438524,6.80573500441024,8.1423462676805,5.61708620866706,2.39929451353457,4.07453417841351,2.5212375023943,5.8180947798464,6.88266045954437,6.39247228382824,8.49888169131889,0.976562861044046,1.7403865400182,2.27230197697474,3.30851038575833,10.5847463648163,5.50947880045293,0.0,0.0,0.0,0.0,0.0,0.0,0.0,0.0,0.0,0.0,0.0,0.0,0.0,0.0,0.0,0.0,0.0,0.0,0.0,0.0
RVE_vf060_S_D10_p000_N_L100_s20260816,RVE_vf060_S_D10_p000_N,RVE_vf060_S_D10_p000_N_L100_s20260816,2__Square_rve_dataset.csv,current,20260816,SQUARE,S,0.6,0.596902604182061,0.403097395817939,76,5.0,10.0,100.0,0.25,NONE,N,0.0,0.0,0.0,0,0.0,0.0,0.1,0.0,0.0,9.97648399361932,0.702389197919342,9.17773170218949,12.9304623470204,0.0704044830191248,0.756070898279814,0.566120950674515,0.257929413174965,3.69763324672165,0.748767016377079,-4.06116227844467,-3.07170794057714,-4.49927810154717,4.75,0.171052631578947,4,6,9.68905340855611,84.40673828125,0.0127419090270996,1.27419090270996,0.687026384759428,0.316306787604547,1.0,100,0.02,0.0002020202020202,VALID: POST-PEAK FAILURE DROP CAPTURED,VALID,True,67,0.013333333333333332,63,9.714261119299966,84.4053271743972,0.012727272727272728,0.6857598765631989,0.2601669087879779,-0.0016717940789248693,-0.18434636926972955,True,SQUARE|vf0.60|p0.00,1,True,True,RVE_vf060_S_D10_p000_N_L100_s20260816_phase.png,RVE_vf060_S_D10_p000_N_L100_s20260816_contour.png,transverse_stress_strain_curve_vf060_s20260816.csv,ml_curve_100pt_vf060_s20260816.csv,RVE_vf060_S_D10_p000_N_L100_s20260816.odb,True,0.6104164123535156,0.0,2.2639888110343716,,46.0,True,,,,C:\temp\RVE_vf060_S_D10_p000_N_L100_s20260816_phase.png,C:\temp\RVE_vf060_S_D10_p000_N_L100_s20260816_contour.png,C:\temp\transverse_stress_strain_curve_vf060_s20260816.csv,C:\temp\ml_curve_100pt_vf060_s20260816.csv,C:\temp\RVE_vf060_S_D10_p000_N_L100_s20260816.odb,0.0,2.02566636933658,3.98925137335738,5.94179892973921,7.89411695266898,9.85026667674558,11.8095313482133,13.7704826645074,15.7318145029763,17.6920864628181,19.6505064043618,21.6066767488178,23.560182346102,25.5110712384526,27.4591517063629,29.4056077889026,31.3508018069748,33.2943197062031,35.2376484395006,37.1809783239885,39.1237085364756,41.067351779546,43.0111751487916,44.9550241521417,46.899685855847,48.8439896239034,50.7885680958479,52.7323198674291,54.6757710942183,56.6112059836226,58.536141564558,60.4356702171634,62.3018229800793,64.0527610732718,65.7453510190666,67.2649514358038,68.6886342378124,69.9607988750541,71.169156804345,72.2615583196512,73.2656578374845,74.2228034671929,75.07432536633,75.8999999572308,76.6565453712936,77.3273075240168,78.0239662059742,78.6135886605802,79.1462788366335,79.7388949249256,80.2225077503942,80.6775108009879,81.1617058714555,81.5609629280918,81.9411671529091,82.3280790296656,82.6630648229284,82.9590031481861,83.2600274301711,83.5202405684869,83.7562336788808,84.0003789064938,84.2008687056636,84.4053271743972,48.6959236638656,7.36578679021373,0.287772639694192,0.0,0.0,0.0,0.0,0.0,0.0,0.0,0.0,0.0,0.0,0.0,0.0,0.0,0.0,0.0,0.0,0.0,0.0,0.0,0.0,0.0,0.0,0.0,0.0,0.0,0.0,0.0,0.0,0.0,0.0,0.0,0.0,0.0
RVE_vf060_S_D10_p010_C_L100_s20260816,RVE_vf060_S_D10_p010_C,RVE_vf060_S_D10_p010_C_L100_s20260816,2__Square_rve_dataset.csv,current,20260816,SQUARE,S,0.6,0.596902604182061,0.393097395817939,76,5.0,10.0,100.0,0.25,CIRCLE,C,0.01,0.01,0.01,100,0.564189583547756,1.12837916709551,0.1,0.105282650006094,0.179550703355135,9.97648399361932,0.702389197919342,9.17773170218949,12.9304623470204,0.0704044830191248,0.756070898279814,0.566120950674515,0.257929413174965,3.69763324672165,0.748767016377079,-4.06116227844467,-3.07170794057714,-4.49927810154717,4.75,0.171052631578947,4,6,10.0869016925415,66.1089892578125,0.0070615130662918,0.706151306629181,0.24812497955342,0.0718782247882963,1.0,100,0.02,0.0002020202020202,VALID: POST-PEAK FAILURE DROP CAPTURED,VALID,True,67,0.013333333333333332,35,10.110579566386548,66.0174578260984,0.007070707070707071,0.2486996875194725,0.2347388183881593,-0.1384553488741861,0.2316203580497481,True,SQUARE|vf0.60|p0.01,1,True,True,RVE_vf060_S_D10_p010_C_L100_s20260816_phase.png,RVE_vf060_S_D10_p010_C_L100_s20260816_contour.png,transverse_stress_strain_curve_vf060_s20260816.csv,ml_curve_100pt_vf060_s20260816.csv,RVE_vf060_S_D10_p010_C_L100_s20260816.odb,True,0.6104011535644531,0.012302398681640625,2.2614324829239574,23.023986816406246,46.0,True,7.0,,,C:\temp\RVE_vf060_S_D10_p010_C_L100_s20260816_phase.png,C:\temp\RVE_vf060_S_D10_p010_C_L100_s20260816_contour.png,C:\temp\transverse_stress_strain_curve_vf060_s20260816.csv,C:\temp\ml_curve_100pt_vf060_s20260816.csv,C:\temp\RVE_vf060_S_D10_p010_C_L100_s20260816.odb,0.0,2.10692477167932,4.15119510874773,6.18409832391118,8.21653194587027,10.2522607864711,12.290862616248,14.3311645073739,16.3720693780984,18.4119237862981,20.4498889807799,22.4849558806643,24.5171180033053,26.546326288917,28.5722823009356,30.594860120548,32.6154794589142,34.6336902909278,36.6487938984509,38.6609177451227,40.6708049860995,42.6754044998248,44.6747859990881,46.6692627725679,48.6546683247431,50.635617185228,52.5993304302248,54.4964028298302,56.4609427075828,58.1388811185584,59.9797653508207,61.5236564908394,63.0378284149804,64.2688155627157,65.5272134419719,66.0174578260984,62.0252978791966,50.0404731091315,35.2478616117372,14.1167780130256,1.31720206572476,0.395774069612429,1.16030942153652,1.16018283138383,1.19883834492114,2.03808781707235,0.176870274241686,1.84331597218011,0.329607851580023,2.08050561861404,3.24022459436287,1.14392363478619,1.8335334833047,0.854490962212624,0.337972313282871,2.3376520738666,0.0796095820297766,2.23110764115371,0.697886688766132,0.930759103768796,0.265784158155404,0.759805228244946,2.70834007855034,2.08287711378375,1.70371036199984,0.684871027460203,0.708865961131264,0.0,0.0,0.0,0.0,0.0,0.0,0.0,0.0,0.0,0.0,0.0,0.0,0.0,0.0,0.0,0.0,0.0,0.0,0.0,0.0,0.0,0.0,0.0,0.0,0.0,0.0,0.0,0.0,0.0,0.0,0.0,0.0,0.0
RVE_vf060_S_D10_p030_C_L100_s20260816,RVE_vf060_S_D10_p030_C,RVE_vf060_S_D10_p030_C_L100_s20260816,2__Square_rve_dataset.csv,current,20260816,SQUARE,S,0.6,0.596902604182061,0.373097395817939,76,5.0,10.0,100.0,0.25,CIRCLE,C,0.03,0.03,0.03,100,0.97720502380584,1.95441004761168,0.1,0.124334926276621,0.147263602518931,9.97648399361932,0.702389197919342,9.17773170218949,12.9304623470204,0.0704044830191248,0.756070898279814,0.566120950674515,0.257929413174965,3.69763324672165,0.748767016377079,-4.06116227844467,-3.07170794057714,-4.49927810154717,4.75,0.171052631578947,4,6,8.77743181893744,61.0391455078125,0.0075600785017013,0.756007850170135,0.246067143638729,0.0801549502354281,1.0,100,0.02,0.0002020202020202,VALID: POST-PEAK FAILURE DROP CAPTURED,VALID,True,67,0.013333333333333332,37,8.800572822329789,60.6172461007007,0.007474747474747474,0.24085400513926924,0.26364207515028965,-0.6911948121190561,-2.118583741969869,True,SQUARE|vf0.60|p0.03,1,True,True,RVE_vf060_S_D10_p030_C_L100_s20260816_phase.png,RVE_vf060_S_D10_p030_C_L100_s20260816_contour.png,transverse_stress_strain_curve_vf060_s20260816.csv,ml_curve_100pt_vf060_s20260816.csv,RVE_vf060_S_D10_p030_C_L100_s20260816.odb,True,0.61041259765625,0.033779144287109375,2.263349729006768,12.597147623697921,46.0,True,11.0,,,C:\temp\RVE_vf060_S_D10_p030_C_L100_s20260816_phase.png,C:\temp\RVE_vf060_S_D10_p030_C_L100_s20260816_contour.png,C:\temp\transverse_stress_strain_curve_vf060_s20260816.csv,C:\temp\ml_curve_100pt_vf060_s20260816.csv,C:\temp\RVE_vf060_S_D10_p030_C_L100_s20260816.odb,0.0,1.84164921838413,3.62205000204515,5.390304120991,7.15802169244085,8.92880135266419,10.7025938399991,12.4786227461865,14.2553188811019,16.0316230503118,17.8066098313297,19.5779403065646,21.3446616775714,23.106629780132,24.863817397003,26.6209729672995,28.3754662530112,30.1242219146351,31.8679599413288,33.5851151488235,35.2257938739608,37.0243619291871,38.6500062081101,40.4889298190728,42.0780627578957,43.8655412425761,45.5084257740225,47.1772082819011,48.8889642219493,50.5063612379257,52.1994244743304,53.6892580323181,55.2836130518394,56.6643244347018,58.0468953091917,58.9719573659292,59.9671942522973,60.6172461007007,59.593956099917,48.2346012573337,23.301850036475,3.6137558643719,10.4812443148906,12.961771174094,9.45782062465738,2.04718472626635,4.46878155871463,9.72238573263371,7.05785050778259,4.54215345504464,2.71238011343938,3.84044360881813,11.7268545934584,6.75863200743302,6.32174938433049,12.2369423911464,3.67937584159944,2.00590716493427,12.3433324043844,1.35237860186053,3.77000051172812,5.18626026308177,15.9433644894684,16.5219088887846,9.69516667608819,3.09836652395402,5.44886747537573,0.0,0.0,0.0,0.0,0.0,0.0,0.0,0.0,0.0,0.0,0.0,0.0,0.0,0.0,0.0,0.0,0.0,0.0,0.0,0.0,0.0,0.0,0.0,0.0,0.0,0.0,0.0,0.0,0.0,0.0,0.0,0.0,0.0
RVE_vf060_S_D10_p050_C_L100_s20260816,RVE_vf060_S_D10_p050_C,RVE_vf060_S_D10_p050_C_L100_s20260816,2__Square_rve_dataset.csv,current,20260816,SQUARE,S,0.6,0.596902604182061,0.353097395817939,76,5.0,10.0,100.0,0.25,CIRCLE,C,0.05,0.05,0.05,100,1.26156626101008,2.52313252202016,0.1,0.101038281366435,0.112713453177375,9.97648399361932,0.702389197919342,9.17773170218949,12.9304623470204,0.0704044830191248,0.756070898279814,0.566120950674515,0.257929413174965,3.69763324672165,0.748767016377079,-4.06116227844467,-3.07170794057714,-4.49927810154717,4.75,0.171052631578947,4,6,8.18880054973527,51.0475634765625,0.0066858255863189,0.668582558631897,0.179560574596807,0.0676055461381638,1.0,100,0.02,0.0002020202020202,VALID: POST-PEAK FAILURE DROP CAPTURED,VALID,True,67,0.013333333333333332,33,8.208784350031857,50.7410873643312,0.006666666666666666,0.17864606150817988,0.2440381857540054,-0.6003736346241366,-0.5093061718479116,True,SQUARE|vf0.60|p0.05,1,True,True,RVE_vf060_S_D10_p050_C_L100_s20260816_phase.png,RVE_vf060_S_D10_p050_C_L100_s20260816_contour.png,transverse_stress_strain_curve_vf060_s20260816.csv,ml_curve_100pt_vf060_s20260816.csv,RVE_vf060_S_D10_p050_C_L100_s20260816.odb,True,0.6104164123535156,0.05486297607421875,2.2639888110343716,9.725952148437495,46.0,True,14.0,,,C:\temp\RVE_vf060_S_D10_p050_C_L100_s20260816_phase.png,C:\temp\RVE_vf060_S_D10_p050_C_L100_s20260816_contour.png,C:\temp\transverse_stress_strain_curve_vf060_s20260816.csv,C:\temp\ml_curve_100pt_vf060_s20260816.csv,C:\temp\RVE_vf060_S_D10_p050_C_L100_s20260816.odb,0.0,1.71941733160304,3.38086161267497,5.03059402738073,6.67916113452581,8.33000970029964,9.98405102079189,11.6402004419526,13.297584628928,14.9546530748385,16.6105073346821,18.263180627533,19.9134593470865,21.5596269724891,23.2010795045541,24.8396660902263,26.4773260346384,28.1098269469791,29.7389476147174,31.3553400161842,32.9694042303657,34.5704518499026,36.1644069426064,37.7415361877331,39.3090965550462,40.8533245860961,42.3596927179401,43.8337020433472,45.1765293500341,46.0026868585017,46.9046682621834,48.7902703604883,49.1661973769947,50.7410873643312,46.5818850208392,40.4619142619065,34.62967514465,24.5782218385163,3.03786847083988,7.40526859902839,3.3612138695375,6.59267280525267,5.00374632694419,4.56887481784926,3.96458234762521,2.63656851336359,5.87322042065857,12.0751286028666,4.84294929463913,10.9593218230123,16.3454280969059,2.05069946384598,2.06185180519596,2.97945071459151,7.60856896390093,6.6572192117595,5.15623892010706,2.68389762828283,11.0021893005775,10.9681418602007,6.60775170089109,0.425483302157052,3.61608271966274,3.11234758841107,3.79404037180579,1.70024395305352,13.5958519011545,0.0,0.0,0.0,0.0,0.0,0.0,0.0,0.0,0.0,0.0,0.0,0.0,0.0,0.0,0.0,0.0,0.0,0.0,0.0,0.0,0.0,0.0,0.0,0.0,0.0,0.0,0.0,0.0,0.0,0.0,0.0,0.0,0.0
RVE_vf030_Y00_D10_p000_N_L100_s20260816,RVE_vf030_Y00_D10_p000_N,RVE_vf030_Y00_D10_p000_N_L100_s20260816,5__Trilobe_rve_dataset.csv,current,20260816,TRILOBE,Y00,0.3,0.29845130209103,0.70154869790897,38,5.0,10.0,100.0,0.25,NONE,N,0.0,0.0,0.0,0,0.0,0.0,0.1,0.0,0.0,12.939963178255,1.75690946610795,10.5692420200803,17.8630136711599,0.135773915420436,1.69266113602054,1.46247187491159,0.290009256169092,5.60587355090434,0.864007475441816,-10.0,-1.8160973962455,-3.94345524542551,2.375,0.309210526315789,1,4,5.97930785831146,67.8155859375,0.0121189773082733,1.21189773082733,0.429442131742967,0.0641362370200509,1.0,100,0.02,0.0002020202020202,VALID: POST-PEAK FAILURE DROP CAPTURED,VALID,True,100,0.02,60,5.985810869046122,67.7928105746832,0.012121212121212121,0.42958049765664164,0.10875858692612711,-0.03358426016961921,0.032219920554377605,True,TRILOBE|vf0.30|p0.00,1,True,True,RVE_vf030_Y00_D10_p000_N_L100_s20260816_phase.png,RVE_vf030_Y00_D10_p000_N_L100_s20260816_contour.png,transverse_stress_strain_curve_vf030_s20260816.csv,ml_curve_100pt_vf030_s20260816.csv,RVE_vf030_Y00_D10_p000_N_L100_s20260816.odb,False,,,,,,,,,,C:\temp\RVE_vf030_Y00_D10_p000_N_L100_s20260816_phase.png,C:\temp\RVE_vf030_Y00_D10_p000_N_L100_s20260816_contour.png,C:\temp\transverse_stress_strain_curve_vf030_s20260816.csv,C:\temp\ml_curve_100pt_vf030_s20260816.csv,C:\temp\RVE_vf030_Y00_D10_p000_N_L100_s20260816.odb,0.0,1.23427021124006,2.43835417796935,3.64777219683922,4.85822754072621,6.0659221081742,7.27033614306701,8.4719868245707,9.67224105378779,10.8722229075773,12.0726564967535,13.2737442213971,14.4754185737342,15.6772434456099,16.8788868831861,18.0797687816851,19.2798123885102,20.4786766667984,21.6763543114837,22.8727372708539,24.0680412053524,25.262664068379,26.4564775100584,27.6498513391752,28.8431796820461,30.0362044724626,31.2292501616541,32.4224095596995,33.615341205612,34.8074887823453,35.9977192799017,37.185237675875,38.3690466669897,39.5486061410377,40.7258657665225,41.8979208521457,43.0651042059868,44.2279649220119,45.3837835494118,46.5350347557223,47.678237243553,48.8154426943762,49.9405950191069,51.0620533274421,52.1701857170685,53.2707935411315,54.3574079365264,55.4318569393492,56.4904486027784,57.5355924946831,58.5664051646678,59.5803483439797,60.5785029854114,61.5609965581775,62.5228350874722,63.4676083186454,64.3846420439439,65.2920779414174,66.1690764354861,67.0281277114639,67.7928105746832,63.3894833279572,48.5377958786403,24.8756249661535,8.9113747246313,6.12444866843818,8.16542968335106,4.11998012364817,9.16679306710671,2.37284809508551,5.49508805288204,3.79331593427961,1.71578362343655,1.77802622976339,9.12935013431293,6.92713689565174,9.24774989192431,3.09588508515229,4.59161903327898,2.64890852656523,2.20711291589215,5.35942027916169,5.01290491921792,0.615428601894642,4.71364350016012,1.62045227663857,1.248594397151,1.8990501075607,5.8858430051199,3.61586068148671,2.18664708165163,4.10238908875321,0.580049843191691,1.73128844696324,1.7007866125794,4.15178557161802,1.34205621979902,2.83358544509343,0.504435417574748,3.94225619457109
RVE_vf030_Y00_D10_p010_C_L100_s20260816,RVE_vf030_Y00_D10_p010_C,RVE_vf030_Y00_D10_p010_C_L100_s20260816,5__Trilobe_rve_dataset.csv,current,20260816,TRILOBE,Y00,0.3,0.29845130209103,0.69154869790897,38,5.0,10.0,100.0,0.25,CIRCLE,C,0.01,0.01,0.01,100,0.564189583547756,1.12837916709551,0.1,0.114958531824564,0.254251878399622,12.939963178255,1.75690946610795,10.5692420200803,17.8630136711599,0.135773915420436,1.69266113602054,1.46247187491159,0.290009256169092,5.60587355090434,0.864007475441816,-10.0,-1.8160973962455,-3.94345524542551,2.375,0.309210526315789,1,4,5.77480101279942,57.838017578125,0.0105210852622986,1.05210852622986,0.314823052508534,0.0480462810628303,1.0,100,0.02,0.0002020202020202,VALID: POST-PEAK FAILURE DROP CAPTURED,VALID,True,100,0.02,52,5.781238831605949,57.8049791507838,0.010505050505050505,0.313878192080168,0.11148122320162086,-0.05712233704512733,-0.3001242827795746,True,TRILOBE|vf0.30|p0.01,1,True,True,RVE_vf030_Y00_D10_p010_C_L100_s20260816_phase.png,RVE_vf030_Y00_D10_p010_C_L100_s20260816_contour.png,transverse_stress_strain_curve_vf030_s20260816.csv,ml_curve_100pt_vf030_s20260816.csv,RVE_vf030_Y00_D10_p010_C_L100_s20260816.odb,False,,,,,,,,,,C:\temp\RVE_vf030_Y00_D10_p010_C_L100_s20260816_phase.png,C:\temp\RVE_vf030_Y00_D10_p010_C_L100_s20260816_contour.png,C:\temp\transverse_stress_strain_curve_vf030_s20260816.csv,C:\temp\ml_curve_100pt_vf030_s20260816.csv,C:\temp\RVE_vf030_Y00_D10_p010_C_L100_s20260816.odb,0.0,1.19252489614446,2.35533908327356,3.52349232000265,4.69250179174523,5.85901104207501,7.02205853170765,8.18259679369072,9.34183868200626,10.5007602306737,11.6602039525675,12.8202167577541,13.9808588374512,15.1416263528176,16.3023124617991,17.4623533921194,18.6214615158076,19.779433030878,20.9361600527131,22.0918904218484,23.2464879894312,24.4002236350578,25.5535504496418,26.7062091081057,27.8587671682197,29.0112436080613,30.1636894149718,31.3158878220179,32.4673809438947,33.6182115214397,34.7657294285646,35.9110545198857,37.0500880220388,38.1852804014961,39.3155452035161,40.4384789819384,41.5599756422853,42.6733443498282,43.7830771306367,44.881007113997,45.9765148865141,47.0544274686467,48.130193751376,49.1891267514435,50.2429293799901,51.2796025963097,52.3079865401356,53.3107999792113,54.3063902130694,55.2717688781025,56.2214731442193,57.1314750303176,57.8049791507838,52.6367168433499,35.1198673346295,14.3883167042998,1.46100239990925,2.0963917688509,3.76768031088973,2.96635964895617,8.61605727543772,4.1331952157458,4.29266480984016,5.22523444595098,2.87411632755885,1.47375389134036,2.0833184475919,0.912877216711352,1.4982788175438,3.71825441721233,4.23144968018118,1.5746182479532,1.36714700043419,1.07406045732523,4.14337992208616,2.28144112275309,3.8566404678101,3.11346126847181,3.09805441039192,5.21223458868723,5.26752581338251,4.91248629256451,2.18942138018879,2.51858892485858,2.04789455445433,4.79632308198746,3.7673238298518,4.9904170356345,5.61559511534814,3.06041658030783,0.939309608342177,2.19545981229183,2.96457895326677,0.670983926500828,5.63788747245182,7.94777266849738,1.68684840169855,1.12444541132188,1.60808950348847,5.97545240430552
RVE_vf030_Y00_D10_p030_C_L100_s20260816,RVE_vf030_Y00_D10_p030_C,RVE_vf030_Y00_D10_p030_C_L100_s20260816,5__Trilobe_rve_dataset.csv,current,20260816,TRILOBE,Y00,0.3,0.29845130209103,0.67154869790897,38,5.0,10.0,100.0,0.25,CIRCLE,C,0.03,0.03,0.03,100,0.97720502380584,1.95441004761168,0.1,0.170457153208502,0.286273508133832,12.939963178255,1.75690946610795,10.5692420200803,17.8630136711599,0.135773915420436,1.69266113602054,1.46247187491159,0.290009256169092,5.60587355090434,0.864007475441816,-10.0,-1.8160973962455,-3.94345524542551,2.375,0.309210526315789,1,4,5.39537949078895,42.4841064453125,0.00812040746212,0.812040746212006,0.176241976362948,0.0303239481437783,1.0,100,0.02,0.0002020202020202,VALID: POST-PEAK FAILURE DROP CAPTURED,VALID,True,100,0.02,40,5.401782820298539,42.3928382125644,0.00808080808080808,0.17453872620162075,0.11868172610510418,-0.21482912172245883,-0.9664270660580989,True,TRILOBE|vf0.30|p0.03,1,True,True,RVE_vf030_Y00_D10_p030_C_L100_s20260816_phase.png,RVE_vf030_Y00_D10_p030_C_L100_s20260816_contour.png,transverse_stress_strain_curve_vf030_s20260816.csv,ml_curve_100pt_vf030_s20260816.csv,RVE_vf030_Y00_D10_p030_C_L100_s20260816.odb,False,,,,,,,,,,C:\temp\RVE_vf030_Y00_D10_p030_C_L100_s20260816_phase.png,C:\temp\RVE_vf030_Y00_D10_p030_C_L100_s20260816_contour.png,C:\temp\transverse_stress_strain_curve_vf030_s20260816.csv,C:\temp\ml_curve_100pt_vf030_s20260816.csv,C:\temp\RVE_vf030_Y00_D10_p030_C_L100_s20260816.odb,0.0,1.11474683298138,2.20109147142207,3.29249390823599,4.38489227751365,5.47472321039946,6.56143007892384,7.64570110580845,8.72866711478297,9.81152657378309,10.8948215780366,11.978838005844,13.0633536560566,14.1481397323938,15.2326572797063,16.3167716874595,17.3999906366996,18.482108437494,19.5631630136765,20.6425970458867,21.7211069976387,22.7991023729595,23.8748595461419,24.9504975195155,26.0243992944904,27.0968991875696,28.1694223372165,29.2392373007146,30.3056142658121,31.3617450350912,32.4121598543069,33.4626092091921,34.4494825970409,35.5381713570526,36.5519476056953,37.5682814878076,38.5565521081404,39.5983314739581,40.5653446151927,41.5867977790994,42.3928382125644,38.198435468393,28.1606572501072,21.0183360066163,11.0959642739638,6.82246969746233,10.1736437121782,4.17648428473357,6.61237146960342,3.31553380677967,1.2066660776677,6.07416320654476,4.60143213497211,7.15934314486102,5.68165508885643,9.31785465332309,5.87361393285301,6.6251226425208,4.64528087230742,1.27005901973553,0.938346790010987,0.673753259188769,2.49562700295544,1.68202131457985,4.68167494579023,6.07004707528439,5.02409324037821,5.37447425977139,6.13830211613264,4.42700442884465,8.27409776179383,3.84412272078758,1.12416215577601,1.51409767199292,2.89379576076251,1.17123128438678,4.69832756331786,7.05078549366462,6.83771209663842,6.787520831755,5.27717922312375,3.80128832974648,1.10252337852654,0.406645168274907,0.754284377313316,5.91254276430949,4.90877332073933,12.4153950410592,3.44524031655546,4.6395347281384,3.06427931950704,2.80044943966076,1.29455372801919,2.39440101796813,5.39437504976317,4.19214905366736,5.71592211475847,3.18008568320187,1.95251320096003,0.393114117963083
RVE_vf030_Y00_D10_p050_C_L100_s20260816,RVE_vf030_Y00_D10_p050_C,RVE_vf030_Y00_D10_p050_C_L100_s20260816,5__Trilobe_rve_dataset.csv,current,20260816,TRILOBE,Y00,0.3,0.29845130209103,0.65154869790897,38,5.0,10.0,100.0,0.25,CIRCLE,C,0.05,0.05,0.05,100,1.26156626101008,2.52313252202016,0.1,0.142962777488266,0.127523037178194,12.939963178255,1.75690946610795,10.5692420200803,17.8630136711599,0.135773915420436,1.69266113602054,1.46247187491159,0.290009256169092,5.60587355090434,0.864007475441816,-10.0,-1.8160973962455,-3.94345524542551,2.375,0.309210526315789,1,4,5.0758180975163,44.9131689453125,0.0094643652439117,0.946436524391174,0.222996526679259,0.0650763264401503,1.0,100,0.02,0.0002020202020202,VALID: POST-PEAK FAILURE DROP CAPTURED,VALID,True,100,0.02,47,5.083584507850349,44.6961161633733,0.009494949494949495,0.2243049396431917,0.1530080508174599,-0.4832720269716249,0.586741409571196,True,TRILOBE|vf0.30|p0.05,1,True,True,RVE_vf030_Y00_D10_p050_C_L100_s20260816_phase.png,RVE_vf030_Y00_D10_p050_C_L100_s20260816_contour.png,transverse_stress_strain_curve_vf030_s20260816.csv,ml_curve_100pt_vf030_s20260816.csv,RVE_vf030_Y00_D10_p050_C_L100_s20260816.odb,False,,,,,,,,,,C:\temp\RVE_vf030_Y00_D10_p050_C_L100_s20260816_phase.png,C:\temp\RVE_vf030_Y00_D10_p050_C_L100_s20260816_contour.png,C:\temp\transverse_stress_strain_curve_vf030_s20260816.csv,C:\temp\ml_curve_100pt_vf030_s20260816.csv,C:\temp\RVE_vf030_Y00_D10_p050_C_L100_s20260816.odb,0.0,1.05011231953141,2.07191321736093,3.09843312317714,4.12625601650085,5.15230132484602,6.17535174782653,7.19595775154457,8.21512238434274,9.23396721366054,10.2530359161821,11.2728330587272,12.2931782201056,13.313920815718,14.3342628518374,15.3542907299241,16.3731719876496,17.3909965557409,18.4085093067459,19.4239554901068,20.4388660503997,21.453140050317,22.4655729926405,23.4761395345883,24.4857562224346,25.494127700622,26.5007149507639,27.5072630740111,28.5086125209626,29.5074932644019,30.5026161347456,31.4931636370964,32.4753439506517,33.4509778489913,34.418425414757,35.3780271341653,36.3267454279676,37.2658426804715,38.1718075425187,39.1313544139142,39.3723730951785,40.7517396855791,40.9483622980226,42.5610379995189,42.9555343350752,43.5829802085715,44.5998049522171,44.6961161633733,36.9536541693614,19.3909371651616,8.92041135540016,2.24198295321704,4.99791964306051,1.28704421663857,4.14653548182675,5.73047307518035,2.62178146571861,4.05583448685384,2.12947488247925,1.88584015883893,0.481251662442551,2.76501628487404,7.77382863190831,1.98910210735665,6.75689307892933,3.36191304179297,5.15069074113285,5.65202426953154,2.81961811849173,1.51939705223371,2.08911254924633,2.88414298121854,2.63574342342036,4.60384319932101,7.52902355139048,3.80823222794155,5.3059342276927,2.56668965555037,4.10580200715597,4.06491175153066,2.97500794697313,5.24765875142137,2.33096504519531,7.82986611157754,6.97319239172647,4.04729611132521,6.916509043717,1.28293730864802,1.92365103701089,0.760882608896982,2.15020225286626,2.36999470608681,4.94824473297906,2.04646743170456,7.92484243828113,7.34844620730168,0.831256078894645,1.17286863818517,0.750807791420775,0.861300524413703
RVE_vf040_Y00_D10_p000_N_L100_s20260816,RVE_vf040_Y00_D10_p000_N,RVE_vf040_Y00_D10_p000_N_L100_s20260816,5__Trilobe_rve_dataset.csv,current,20260816,TRILOBE,Y00,0.4,0.400553063332699,0.599446936667301,51,5.0,10.0,100.0,0.25,NONE,N,0.0,0.0,0.0,0,0.0,0.0,0.1,0.0,0.0,11.8776494151232,0.729886363254402,10.5351662560119,13.9438058430208,0.0614504046840341,0.786488208839238,0.462356896522378,0.257664623759907,2.1984939353071,0.587875178961375,-10.0,-2.9335431872333,-4.00891398972945,3.1875,0.0870098039215686,2,4,7.07114731308176,71.4228759765625,0.0112305402755737,1.12305402755737,0.431592335675741,0.100612599546089,1.0,100,0.02,0.0002020202020202,VALID: POST-PEAK FAILURE DROP CAPTURED,VALID,True,95,0.01898989898989899,55,7.089970405221065,71.2272165395632,0.011111111111111112,0.42305549600931996,0.26619572900823824,-0.27394505517181733,-1.97798685489977,True,TRILOBE|vf0.40|p0.00,1,True,True,RVE_vf040_Y00_D10_p000_N_L100_s20260816_phase.png,RVE_vf040_Y00_D10_p000_N_L100_s20260816_contour.png,transverse_stress_strain_curve_vf040_s20260816.csv,ml_curve_100pt_vf040_s20260816.csv,RVE_vf040_Y00_D10_p000_N_L100_s20260816.odb,False,,,,,,,,,,C:\temp\RVE_vf040_Y00_D10_p000_N_L100_s20260816_phase.png,C:\temp\RVE_vf040_Y00_D10_p000_N_L100_s20260816_contour.png,C:\temp\transverse_stress_strain_curve_vf040_s20260816.csv,C:\temp\ml_curve_100pt_vf040_s20260816.csv,C:\temp\RVE_vf040_Y00_D10_p000_N_L100_s20260816.odb,0.0,1.46816994756092,2.89171342684009,4.31993602012061,5.75211454690574,7.18440261425002,8.61376423481428,10.0394902536342,11.4620475663964,12.882604933044,14.3020069706184,15.7214550936663,17.1412271562224,18.5617232215552,19.9827186679891,21.4041331527177,22.8257788162074,24.2468003194927,25.6669526726182,27.0862108742514,28.5039973204568,29.9202788141373,31.3353324782017,32.7487687836454,34.1597167652072,35.5704361939555,36.9795447724193,38.3858337325542,39.7908231770226,41.1886588450489,42.5789998691268,43.9612737253881,45.3343158739171,46.6924495329784,48.0413338638719,49.3679677382049,50.6832851819726,51.9785349320655,53.2530965148642,54.5037437972865,55.7317030064823,56.9423536963715,58.1205668222619,59.283550153997,60.4144055083768,61.5320443978979,62.6225840853803,63.6986902836005,64.7407369495739,65.7653716062515,66.7516086426827,67.7204469159235,68.6567333405949,69.5600343683125,70.4386247974151,71.2272165395632,70.8330612896523,64.088702649295,41.9919073028049,17.2310053368664,2.37424401707595,4.34765438188525,0.449980265594371,8.66943903393675,2.95503234506706,6.86258354819036,2.72086534704931,6.28217278566936,0.768360691798778,3.06188572052425,0.237467857609357,2.71279791356818,2.82977698245024,3.67395922741863,5.92413807762368,2.80017056374395,5.06193106892379,1.13466446721807,4.38304515854212,1.12711042006952,4.6130538767181,4.31259808361518,0.323681459353913,1.67942408426342,1.61407854741176,2.9934786571801,5.94242420005786,1.84499700721189,2.06914651730382,6.64325527021476,5.61457473910423,3.14844394100442,3.74478821128697,3.47628573893349,2.15352277356846,0.0,0.0,0.0,0.0,0.0
RVE_vf040_Y00_D10_p010_C_L100_s20260816,RVE_vf040_Y00_D10_p010_C,RVE_vf040_Y00_D10_p010_C_L100_s20260816,5__Trilobe_rve_dataset.csv,current,20260816,TRILOBE,Y00,0.4,0.400553063332699,0.589446936667301,51,5.0,10.0,100.0,0.25,CIRCLE,C,0.01,0.01,0.01,100,0.564189583547756,1.12837916709551,0.1,0.108724622423293,0.254251878399622,11.8776494151232,0.729886363254402,10.5351662560119,13.9438058430208,0.0614504046840341,0.786488208839238,0.462356896522378,0.257664623759907,2.1984939353071,0.587875178961375,-10.0,-2.9335431872333,-4.00891398972945,3.1875,0.0870098039215686,2,4,6.80930558833322,55.785966796875,0.0086483216285705,0.864832162857056,0.251028351717727,0.052693959550029,1.0,100,0.02,0.0002020202020202,VALID: POST-PEAK FAILURE DROP CAPTURED,VALID,True,95,0.01898989898989899,43,6.82780512162938,55.5481868163744,0.008686868686868687,0.25305329647830405,0.2716801743757354,-0.42623619191972983,0.8066597843314532,True,TRILOBE|vf0.40|p0.01,1,True,True,RVE_vf040_Y00_D10_p010_C_L100_s20260816_phase.png,RVE_vf040_Y00_D10_p010_C_L100_s20260816_contour.png,transverse_stress_strain_curve_vf040_s20260816.csv,ml_curve_100pt_vf040_s20260816.csv,RVE_vf040_Y00_D10_p010_C_L100_s20260816.odb,False,,,,,,,,,,C:\temp\RVE_vf040_Y00_D10_p010_C_L100_s20260816_phase.png,C:\temp\RVE_vf040_Y00_D10_p010_C_L100_s20260816_contour.png,C:\temp\transverse_stress_strain_curve_vf040_s20260816.csv,C:\temp\ml_curve_100pt_vf040_s20260816.csv,C:\temp\RVE_vf040_Y00_D10_p010_C_L100_s20260816.odb,0.0,1.41429835485421,2.78490325164303,4.16020916575985,5.53962407742979,6.9187748611698,8.29545035424677,9.6684277349975,11.0384051916111,12.4063096050258,13.7732382826524,15.1399853223014,16.5072344420892,17.875122128595,19.2438977274732,20.6128494863788,21.9815986384739,23.3497904180827,24.7169989619651,26.082939508735,27.446872671802,28.809454640909,30.1697598005709,31.5289688843416,32.8844652711908,34.2377375393099,35.5894734616487,36.9333883608682,38.2757769056489,39.6082405189394,40.9352377460378,42.2437627257121,43.5484330782516,44.8308449130557,46.103501499139,47.3482659330363,48.5875057779869,49.7946604042499,50.9946840777853,52.1515620358178,53.2744107520252,54.2371689837568,53.7954906638495,55.5481868163744,55.1558468216668,54.650290278057,52.4774372428513,35.1294231016049,11.7197608644352,6.63444175287289,14.8918865764162,5.4005416113012,13.1249535142669,2.32136330808281,5.28194057443628,2.56726007506831,0.148259193387597,2.07471740689344,4.73213177451186,9.55325698718309,8.08471182273385,15.6305150279272,6.18347861882691,14.6687761770674,5.84433609600574,8.69056886981765,2.70580240784822,1.70664110595857,4.45033863258241,7.45330077774664,8.12774149820401,9.996792467193,14.547884168392,3.98132523222607,11.92043550595,1.95303905574871,0.627112894668385,9.14499834311278,3.63505686459745,14.1019677715498,10.4806357795036,2.56337889775822,1.21463631063424,3.69284485551592,6.6776217871334,3.50672430562823,4.83388564576142,4.79233787438171,4.42834243993496,0.921671567269853,4.66936699443923,12.8372305919376,3.3968169500872,2.98925559386902,8.60101888846359,0.0,0.0,0.0,0.0,0.0
RVE_vf040_Y00_D10_p030_C_L100_s20260816,RVE_vf040_Y00_D10_p030_C,RVE_vf040_Y00_D10_p030_C_L100_s20260816,5__Trilobe_rve_dataset.csv,current,20260816,TRILOBE,Y00,0.4,0.400553063332699,0.569446936667301,51,5.0,10.0,100.0,0.25,CIRCLE,C,0.03,0.03,0.03,100,0.97720502380584,1.95441004761168,0.1,0.131140136550534,0.214047008865842,11.8776494151232,0.729886363254402,10.5351662560119,13.9438058430208,0.0614504046840341,0.786488208839238,0.462356896522378,0.257664623759907,2.1984939353071,0.587875178961375,-10.0,-2.9335431872333,-4.00891398972945,3.1875,0.0870098039215686,2,4,6.42256385536898,50.5461865234375,0.0083816713094711,0.838167130947113,0.222548108476831,0.0610351410224604,1.0,100,0.02,0.0002020202020202,VALID: POST-PEAK FAILURE DROP CAPTURED,VALID,True,95,0.01898989898989899,42,6.441540638801201,50.2271278316879,0.008484848484848484,0.22766201949851542,0.2954705295200296,-0.6312220835921097,2.2978901311204813,True,TRILOBE|vf0.40|p0.03,1,True,True,RVE_vf040_Y00_D10_p030_C_L100_s20260816_phase.png,RVE_vf040_Y00_D10_p030_C_L100_s20260816_contour.png,transverse_stress_strain_curve_vf040_s20260816.csv,ml_curve_100pt_vf040_s20260816.csv,RVE_vf040_Y00_D10_p030_C_L100_s20260816.odb,False,,,,,,,,,,C:\temp\RVE_vf040_Y00_D10_p030_C_L100_s20260816_phase.png,C:\temp\RVE_vf040_Y00_D10_p030_C_L100_s20260816_contour.png,C:\temp\transverse_stress_strain_curve_vf040_s20260816.csv,C:\temp\ml_curve_100pt_vf040_s20260816.csv,C:\temp\RVE_vf040_Y00_D10_p030_C_L100_s20260816.odb,0.0,1.3355265382189,2.62835889849947,3.92536538925544,5.22637672567274,6.52782485789606,7.82665808168737,9.12227510378503,10.415052910378,11.7056761999283,12.9953417153424,14.2846875887118,15.5743350580735,16.8645955538686,18.1556084924068,19.4472034069216,20.7387179643507,22.0300336367299,23.321039981876,24.61080163328,25.8985589634384,27.1849902484559,28.4688415902972,29.7505829175675,31.0295852037832,32.3019005634562,33.5717404626132,34.8356718664815,36.0922146051178,37.3405320386295,38.577408762898,39.8034990647716,41.016847017616,42.2117952041691,43.3914487509288,44.5490568839195,45.6837977956775,46.7858640039975,47.8257586560599,48.8873323097725,49.8602669774147,50.0102589778595,50.2271278316879,48.8863663247047,41.4882765557565,28.9255468497984,8.82225628511004,2.65323438865627,0.9793901653518,1.68081758008909,1.29295588095789,2.46489082420648,0.609187471000733,2.68366430627852,1.48808869853565,1.0327119259897,4.29351064435317,1.72575617042962,2.25767528317921,6.98274081853574,1.77320469317169,0.210438535925202,3.6115081235774,4.9581750068242,2.39069108688097,1.63483086760621,1.13879785017717,1.47628674227441,4.75300772563471,2.00546173721988,2.10298610141962,0.500483710690817,2.27136025468722,3.16397546492242,1.22614825927262,1.12777339609871,0.698120857569557,1.55981839143173,2.26659485196098,1.02875433119465,2.40968195072807,3.07363254114012,0.499091596234213,1.33582618951749,0.750870856421423,1.70236245222058,1.90547878849021,2.52917312919065,2.00445446036615,3.21466827061872,3.36344960377521,0.375273029181381,0.795407115198421,1.03958989921593,3.57319146122039,0.0,0.0,0.0,0.0,0.0
RVE_vf040_Y00_D10_p050_C_L100_s20260816,RVE_vf040_Y00_D10_p050_C,RVE_vf040_Y00_D10_p050_C_L100_s20260816,5__Trilobe_rve_dataset.csv,current,20260816,TRILOBE,Y00,0.4,0.400553063332699,0.549446936667301,51,5.0,10.0,100.0,0.25,CIRCLE,C,0.05,0.05,0.05,100,1.26156626101008,2.52313252202016,0.1,0.118119208145333,0.132809326854878,11.8776494151232,0.729886363254402,10.5351662560119,13.9438058430208,0.0614504046840341,0.786488208839238,0.462356896522378,0.257664623759907,2.1984939353071,0.587875178961375,-10.0,-2.9335431872333,-4.00891398972945,3.1875,0.0870098039215686,2,4,6.03583474973624,42.943251953125,0.0076766836643219,0.76766836643219,0.175229966725762,0.0732044430196186,1.0,100,0.02,0.0002020202020202,VALID: POST-PEAK FAILURE DROP CAPTURED,VALID,True,95,0.01898989898989899,38,6.055055382229642,42.9432050660592,0.007676767676767677,0.1752058930812069,0.3184419933670692,-0.00010918378014518877,-0.013738314858419733,True,TRILOBE|vf0.40|p0.05,1,True,True,RVE_vf040_Y00_D10_p050_C_L100_s20260816_phase.png,RVE_vf040_Y00_D10_p050_C_L100_s20260816_contour.png,transverse_stress_strain_curve_vf040_s20260816.csv,ml_curve_100pt_vf040_s20260816.csv,RVE_vf040_Y00_D10_p050_C_L100_s20260816.odb,False,,,,,,,,,,C:\temp\RVE_vf040_Y00_D10_p050_C_L100_s20260816_phase.png,C:\temp\RVE_vf040_Y00_D10_p050_C_L100_s20260816_contour.png,C:\temp\transverse_stress_strain_curve_vf040_s20260816.csv,C:\temp\ml_curve_100pt_vf040_s20260816.csv,C:\temp\RVE_vf040_Y00_D10_p050_C_L100_s20260816.odb,0.0,1.25682009940227,2.47154862728966,3.69021563510941,4.9132939710648,6.13649616095289,7.35761025082142,8.57579761101841,9.79101567344924,11.0043216794858,12.216503616096,13.4285851243047,14.6408801168812,15.853727744427,17.0674576619101,18.2817230177092,19.496106288955,20.7104521336545,21.9244293941278,23.1374401671401,24.3483085409894,25.5560125870756,26.7606202099465,27.9608449596651,29.1555502116446,30.3417028422988,31.5198579570359,32.689899884628,33.8490988119976,34.9994345975229,36.1365428039275,37.2625615703842,38.3692783436307,39.4623849332244,40.5325170017902,41.1237079113145,42.0343881508385,41.7404319272306,42.9432050660592,40.5827016081638,37.8162012141276,23.6252951374679,20.5257307645403,15.9632389014277,9.35321048863149,8.43266158336687,11.5470826940321,13.2215825479256,8.2741642717298,2.28251610924085,5.25643051685786,1.7265145839489,4.21300561918852,6.49173737677517,6.30876123440459,4.65293761199724,1.75889425149112,5.40528828295955,2.77533894766258,2.81566110602193,0.744149061419339,7.28331889609759,1.32716087719683,1.39241021598864,8.29055186208138,2.63758463607964,6.57553995549833,1.51657957645276,2.12603800804695,1.41705295153865,1.04959199397384,3.51444350499201,2.45919364091492,3.99093105750264,2.10858796921144,3.72336857714084,3.95711950011982,0.722261521034396,0.833632332432396,3.120776813722,4.37001957907682,2.95753461542408,3.28840897275975,0.833500080891413,3.28759440852272,3.19255423710366,1.79962577827491,0.775908620353375,2.83876544385003,0.80505936426631,2.09659767146821,2.15176521010193,0.606381844313262,0.40044718178157,1.13321731106302,0.0,0.0,0.0,0.0,0.0
RVE_vf050_Y00_D10_p000_N_L100_s20260816,RVE_vf050_Y00_D10_p000_N,RVE_vf050_Y00_D10_p000_N_L100_s20260816,5__Trilobe_rve_dataset.csv,current,20260816,TRILOBE,Y00,0.5,0.502654824574367,0.497345175425633,64,5.0,10.0,100.0,0.25,NONE,N,0.0,0.0,0.0,0,0.0,0.0,0.1,0.0,0.0,11.3377639318821,0.614636599486656,10.5939714606572,13.3454712666458,0.0542114479697607,0.700207794511634,0.386179374049741,0.263022473470227,2.30114063837557,0.55152110141688,-10.0,-3.22743919686519,-4.11794697714647,4.0,0.09375,3,5,8.35769688879993,73.9243310546875,0.0100007629394531,1.00007629394531,0.402536598730665,0.115561469988965,1.0,100,0.02,0.0002020202020202,VALID: POST-PEAK FAILURE DROP CAPTURED,VALID,True,80,0.01595959595959596,50,8.385860771884238,73.7196881470786,0.0101010101010101,0.409886716209811,0.3369813892395323,-0.2768275406611522,1.8259501129396467,True,TRILOBE|vf0.50|p0.00,1,True,True,RVE_vf050_Y00_D10_p000_N_L100_s20260816_phase.png,RVE_vf050_Y00_D10_p000_N_L100_s20260816_contour.png,transverse_stress_strain_curve_vf050_s20260816.csv,ml_curve_100pt_vf050_s20260816.csv,RVE_vf050_Y00_D10_p000_N_L100_s20260816.odb,False,,,,,,,,,,C:\temp\RVE_vf050_Y00_D10_p000_N_L100_s20260816_phase.png,C:\temp\RVE_vf050_Y00_D10_p000_N_L100_s20260816_contour.png,C:\temp\transverse_stress_strain_curve_vf050_s20260816.csv,C:\temp\ml_curve_100pt_vf050_s20260816.csv,C:\temp\RVE_vf050_Y00_D10_p000_N_L100_s20260816.odb,0.0,1.74241775612342,3.43005844138929,5.11515086330269,6.80423697120937,8.49703213171832,10.1902296237517,11.8823499445585,13.5720777909914,15.2588797843947,16.9429830945548,18.6246513122103,20.3044429357397,21.9832260137976,23.6614688748941,25.3398584637772,27.01810096857,28.696672166771,30.375947680097,32.0550154497388,33.7341124929509,35.4132972432579,37.0906179654878,38.7654990561084,40.4380553734972,42.1068418580254,43.7683225392668,45.4205157638427,47.0496895265071,48.6563905189054,50.2341093059505,51.7764461655863,53.2933689378218,54.7746302646469,56.2224619207629,57.6235410140471,58.985042596244,60.3113654876378,61.5965590736984,62.8589728760868,64.0913353110252,65.2890995954665,66.4438408236177,67.5801583573298,68.6662902548706,69.724552878786,70.7411256062198,71.7165287980712,72.6616891069951,73.5501401847213,73.7196881470786,71.2659974208239,53.4311369878192,15.3483207555786,9.1073446020762,1.53430768084461,2.02787597284474,2.01438348714415,5.34265012193843,4.50320943460841,3.02263976323904,2.78514166326205,2.61664261313005,4.17262198091185,0.344236474349504,2.63988979117894,3.23534946334273,1.57653456227895,1.68930623346,0.0643457170868579,1.66708069521271,1.80080076687226,1.63585994689483,1.38477226466977,1.70630723394104,3.27314837599235,0.793604087491072,0.0670331952386458,3.02389671124229,1.28801000499568,0.0,0.0,0.0,0.0,0.0,0.0,0.0,0.0,0.0,0.0,0.0,0.0,0.0,0.0,0.0,0.0,0.0,0.0,0.0,0.0
RVE_vf050_Y00_D10_p010_C_L100_s20260816,RVE_vf050_Y00_D10_p010_C,RVE_vf050_Y00_D10_p010_C_L100_s20260816,5__Trilobe_rve_dataset.csv,current,20260816,TRILOBE,Y00,0.5,0.502654824574367,0.487345175425633,64,5.0,10.0,100.0,0.25,CIRCLE,C,0.01,0.01,0.01,100,0.564189583547756,1.12837916709551,0.1,0.113996906769008,0.130855778125952,11.3377639318821,0.614636599486656,10.5939714606572,13.3454712666458,0.0542114479697607,0.700207794511634,0.386179374049741,0.263022473470227,2.30114063837557,0.55152110141688,-10.0,-3.22743919686519,-4.11794697714647,4.0,0.09375,3,5,8.07951284603698,62.5873095703125,0.0083751034736633,0.837510347366333,0.277760797292906,0.0750656130812035,1.0,100,0.02,0.0002020202020202,VALID: POST-PEAK FAILURE DROP CAPTURED,VALID,True,80,0.01595959595959596,41,8.107417420516127,62.241307227325,0.008282828282828282,0.27198263909466097,0.34537446763060303,-0.5528314691315928,-2.0802641173843517,True,TRILOBE|vf0.50|p0.01,1,True,True,RVE_vf050_Y00_D10_p010_C_L100_s20260816_phase.png,RVE_vf050_Y00_D10_p010_C_L100_s20260816_contour.png,transverse_stress_strain_curve_vf050_s20260816.csv,ml_curve_100pt_vf050_s20260816.csv,RVE_vf050_Y00_D10_p010_C_L100_s20260816.odb,False,,,,,,,,,,C:\temp\RVE_vf050_Y00_D10_p010_C_L100_s20260816_phase.png,C:\temp\RVE_vf050_Y00_D10_p010_C_L100_s20260816_contour.png,C:\temp\transverse_stress_strain_curve_vf050_s20260816.csv,C:\temp\ml_curve_100pt_vf050_s20260816.csv,C:\temp\RVE_vf050_Y00_D10_p010_C_L100_s20260816.odb,0.0,1.68553253371916,3.31692665659556,4.9457758794923,6.57885881203539,8.215163601002,9.85228021355143,11.4884120954396,13.1219001920557,14.7526967204736,16.3805421321681,18.0063357952071,19.63011622893,21.2530028954706,22.8746161879037,24.4959151285343,26.1183569199901,27.7405687323566,29.362436329341,30.984523736514,32.6047966920243,34.2226146437324,35.8362605661335,37.4454591731907,39.0503227732651,40.6500311708565,42.2412796733047,43.8175750499394,45.3726487893842,46.9018490059236,48.3953404715183,49.8581000019099,51.2863028939956,52.6805957096966,54.0345985489953,55.3411085588495,56.5752225103235,57.8780396169226,59.0037704610242,60.0993962630747,61.0941365400649,62.241307227325,62.0160311460399,52.5611911508252,27.123500945781,4.90726862828953,19.9005039306181,5.57378200180743,19.9511672783981,5.47251769328466,11.8372593064654,4.8878517556211,1.68746737492082,1.06851041309497,8.05437777092436,1.93329248262143,16.7332234396068,5.979055820319,19.6614489005521,4.68864867974673,16.801447270908,3.82478032700081,8.28174390669944,1.49435194998382,9.00555588528494,3.79462390852177,11.5652821208314,1.05174332289318,9.59433719038291,13.5375051933212,3.73502581839764,14.6808628846455,13.6274144272818,2.06544932728171,5.14570400777694,1.65792612686081,5.61413066714303,6.06562147734671,4.1886988503969,4.22718419288348,0.0,0.0,0.0,0.0,0.0,0.0,0.0,0.0,0.0,0.0,0.0,0.0,0.0,0.0,0.0,0.0,0.0,0.0,0.0,0.0
RVE_vf050_Y00_D10_p030_C_L100_s20260816,RVE_vf050_Y00_D10_p030_C,RVE_vf050_Y00_D10_p030_C_L100_s20260816,5__Trilobe_rve_dataset.csv,current,20260816,TRILOBE,Y00,0.5,0.502654824574367,0.467345175425633,64,5.0,10.0,100.0,0.25,CIRCLE,C,0.03,0.03,0.03,100,0.97720502380584,1.95441004761168,0.1,0.101907004912609,0.147263602518931,11.3377639318821,0.614636599486656,10.5939714606572,13.3454712666458,0.0542114479697607,0.700207794511634,0.386179374049741,0.263022473470227,2.30114063837557,0.55152110141688,-10.0,-3.22743919686519,-4.11794697714647,4.0,0.09375,3,5,7.60456763093281,55.684033203125,0.0079251962900161,0.792519629001618,0.234078365163124,0.0760549787670951,1.0,100,0.02,0.0002020202020202,VALID: POST-PEAK FAILURE DROP CAPTURED,VALID,True,80,0.01595959595959596,39,7.632460217509235,55.4951473968482,0.00787878787878788,0.231492086041309,0.3667872774642274,-0.3392099950586795,-1.1048774712744935,True,TRILOBE|vf0.50|p0.03,1,True,True,RVE_vf050_Y00_D10_p030_C_L100_s20260816_phase.png,RVE_vf050_Y00_D10_p030_C_L100_s20260816_contour.png,transverse_stress_strain_curve_vf050_s20260816.csv,ml_curve_100pt_vf050_s20260816.csv,RVE_vf050_Y00_D10_p030_C_L100_s20260816.odb,False,,,,,,,,,,C:\temp\RVE_vf050_Y00_D10_p030_C_L100_s20260816_phase.png,C:\temp\RVE_vf050_Y00_D10_p030_C_L100_s20260816_contour.png,C:\temp\transverse_stress_strain_curve_vf050_s20260816.csv,C:\temp\ml_curve_100pt_vf050_s20260816.csv,C:\temp\RVE_vf050_Y00_D10_p030_C_L100_s20260816.odb,0.0,1.58879023594012,3.12361180926141,4.65675216512562,6.19429366677781,7.7347951878895,9.27605432597274,10.8161607052428,12.3538583099758,13.8888787493389,15.4209155634679,16.9487458923806,18.4753601559421,20.0005750031613,21.5259393074148,23.0505260573258,24.5755382520607,26.1005213064588,27.6249467757692,29.1468880475077,30.6680880440766,32.1866816904647,33.6992459854704,35.2076211839834,36.7077371333383,38.198111001385,39.6770715295102,41.1398671089696,42.5747142651924,43.989821609189,45.3538253880375,46.6379712087293,47.9611352410992,49.2188777399043,50.4463004909196,51.4631199815866,52.3602765006259,53.6368036966331,54.5078308899265,55.4951473968482,52.8279499628522,36.3936896812121,18.6613399504694,1.2321043733258,6.03224657360233,3.83352389727946,1.53112695309723,0.679355804709161,7.29780075110394,7.68121553742868,6.90310362665654,4.26430027140886,6.86849798505705,2.72240314759215,5.07885002966958,2.97802832718782,1.00550183568389,0.512455029435906,1.39238486726252,3.50019846654358,5.48622010032886,1.34509082378694,1.43976364124171,1.06742097207088,4.30608386385591,6.38797021488935,0.556899462440909,5.40569215657322,4.22118469135359,2.70147720294778,4.37044914219262,8.57052730541534,7.28544913793028,3.69680718921938,2.63667088500006,1.45894123322184,5.67198715875707,1.06879493819012,6.17697780381574,3.93094117415211,0.0,0.0,0.0,0.0,0.0,0.0,0.0,0.0,0.0,0.0,0.0,0.0,0.0,0.0,0.0,0.0,0.0,0.0,0.0,0.0
RVE_vf050_Y00_D10_p050_C_L100_s20260816,RVE_vf050_Y00_D10_p050_C,RVE_vf050_Y00_D10_p050_C_L100_s20260816,5__Trilobe_rve_dataset.csv,current,20260816,TRILOBE,Y00,0.5,0.502654824574367,0.447345175425633,64,5.0,10.0,100.0,0.25,CIRCLE,C,0.05,0.05,0.05,100,1.26156626101008,2.52313252202016,0.1,0.10511813489433,0.100672435598003,11.3377639318821,0.614636599486656,10.5939714606572,13.3454712666458,0.0542114479697607,0.700207794511634,0.386179374049741,0.263022473470227,2.30114063837557,0.55152110141688,-10.0,-3.22743919686519,-4.11794697714647,4.0,0.09375,3,5,7.19876382649449,48.294697265625,0.0071023833751678,0.710238337516785,0.179424403051518,0.055422902670493,1.0,100,0.02,0.0002020202020202,VALID: POST-PEAK FAILURE DROP CAPTURED,VALID,True,80,0.01595959595959596,35,7.2259829281334,48.170336803663,0.007070707070707071,0.17787691483258777,0.3781079959691358,-0.25750334716460777,-0.8624736616712564,True,TRILOBE|vf0.50|p0.05,1,True,True,RVE_vf050_Y00_D10_p050_C_L100_s20260816_phase.png,RVE_vf050_Y00_D10_p050_C_L100_s20260816_contour.png,transverse_stress_strain_curve_vf050_s20260816.csv,ml_curve_100pt_vf050_s20260816.csv,RVE_vf050_Y00_D10_p050_C_L100_s20260816.odb,False,,,,,,,,,,C:\temp\RVE_vf050_Y00_D10_p050_C_L100_s20260816_phase.png,C:\temp\RVE_vf050_Y00_D10_p050_C_L100_s20260816_contour.png,C:\temp\transverse_stress_strain_curve_vf050_s20260816.csv,C:\temp\ml_curve_100pt_vf050_s20260816.csv,C:\temp\RVE_vf050_Y00_D10_p050_C_L100_s20260816.odb,0.0,1.505737358289,2.95956343401593,4.41056800327849,5.86513566843309,7.32334270659513,8.78290841340318,10.2415685485949,11.6983644353759,13.152441249535,14.6041386925697,16.0535537391627,17.5012374896823,18.9460085704318,20.3911441919567,21.8358758909804,23.2800699408674,24.7251825695448,26.1703856113058,27.6131656416242,29.052379437868,30.4857093307013,31.9134921819747,33.3348460205093,34.7452786007527,36.1421355865034,37.5256466325696,38.8824891652436,40.2157257646887,41.4797408086157,42.7712064658376,43.9797217264795,45.1460652769704,46.2971358729426,47.3735949921743,48.170336803663,46.8829026033442,41.0836956313042,19.3755407592713,2.97084875098054,3.3656826476091,3.67362859840646,1.89262590864603,9.641576644136,7.74716357972974,3.01906856526005,4.36967643910687,1.88118157788868,6.34749683859356,4.62438020092195,7.07309128116424,3.64713713164097,3.5618846821036,4.71234255987665,3.66970308698872,2.25470834423769,8.25036044210566,4.88318002956646,0.866029626512566,1.53504498048458,1.67755352496182,1.38711602372615,3.57652658098418,10.4934489290706,10.3107172448972,7.46363984672164,6.04290555535843,2.66811460146101,1.64519344132259,3.26870543764008,8.22494039219187,4.7930828366402,1.64820150022258,4.97851672362611,5.73236004423359,6.22724602934179,1.67730933019055,3.6212832486353,7.82350312210351,3.06748172240841,0.0,0.0,0.0,0.0,0.0,0.0,0.0,0.0,0.0,0.0,0.0,0.0,0.0,0.0,0.0,0.0,0.0,0.0,0.0,0.0
